aa,1
ab,2
ae,3
af,4
ak,5
am,6
an,7
ar,8
as,9
av,10
ay,11
az,12
ba,13
be,14
bg,15
bh,16
bi,17
bm,18
bn,19
bo,20
br,21
bs,22
ca,23
ce,24
ch,25
co,26
cr,27
cs,28
cu,29
cv,30
cy,31
da,32
de,33
dv,34
dz,35
ee,36
el,37
en,38
eo,39
es,40
et,41
eu,42
fa,43
ff,44
fi,45
fj,46
fo,47
fr,48
fy,49
ga,50
gd,51
gl,52
gn,53
gu,54
gv,55
ha,56
he,57
hi,58
ho,59
hr,60
ht,61
hu,62
hy,63
hz,64
ia,65
id,66
ie,67
ig,68
ii,69
ik,70
in,71
io,72
is,73
it,74
iu,75
iw,76
ja,77
ji,78
jv,79
jw,80
ka,81
kg,82
ki,83
kj,84
kk,85
kl,86
km,87
kn,88
ko,89
kr,90
ks,91
ku,92
kv,93
kw,94
ky,95
la,96
lb,97
lg,98
li,99
ln,100
lo,101
lt,102
lu,103
lv,104
mg,105
mh,106
mi,107
mk,108
ml,109
mn,110
mo,111
mr,112
ms,113
mt,114
my,115
na,116
nb,117
nd,118
ne,119
ng,120
nl,121
nn,122
no,123
nr,124
nv,125
ny,126
oc,127
oj,128
om,129
or,130
os,131
pa,132
pi,133
pl,134
ps,135
pt,136
qu,137
rm,138
rn,139
ro,140
ru,141
rw,142
sa,143
sc,144
sd,145
se,146
sg,147
sh,148
si,149
sk,150
sl,151
sm,152
sn,153
so,154
sq,155
sr,156
ss,157
st,158
su,159
sv,160
sw,161
ta,162
te,163
tg,164
th,165
ti,166
tk,167
tl,168
tn,169
to,170
tr,171
ts,172
tt,173
tw,174
ty,175
ug,176
uk,177
ur,178
uz,179
ve,180
vi,181
vo,182
wa,183
wo,184
xh,185
yi,186
yo,187
za,188
zh,189
zu,190
aaa,191
aab,192
aac,193
aad,194
aae,195
aaf,196
aag,197
aah,198
aai,199
aak,200
aal,201
aam,202
aan,203
aao,204
aap,205
aaq,206
aas,207
aat,208
aau,209
aav,210
aaw,211
aax,212
aaz,213
aba,214
abb,215
abc,216
abd,217
abe,218
abf,219
abg,220
abh,221
abi,222
abj,223
abl,224
abm,225
abn,226
abo,227
abp,228
abq,229
abr,230
abs,231
abt,232
abu,233
abv,234
abw,235
abx,236
aby,237
abz,238
aca,239
acb,240
acd,241
ace,242
acf,243
ach,244
aci,245
ack,246
acl,247
acm,248
acn,249
acp,250
acq,251
acr,252
acs,253
act,254
acu,255
acv,256
acw,257
acx,258
acy,259
acz,260
ada,261
adb,262
add,263
ade,264
adf,265
adg,266
adh,267
adi,268
adj,269
adl,270
adn,271
ado,272
adp,273
adq,274
adr,275
ads,276
adt,277
adu,278
adw,279
adx,280
ady,281
adz,282
aea,283
aeb,284
aec,285
aed,286
aee,287
aek,288
ael,289
aem,290
aen,291
aeq,292
aer,293
aes,294
aeu,295
aew,296
aey,297
aez,298
afa,299
afb,300
afd,301
afe,302
afg,303
afh,304
afi,305
afk,306
afn,307
afo,308
afp,309
afs,310
aft,311
afu,312
afz,313
aga,314
agb,315
agc,316
agd,317
age,318
agf,319
agg,320
agh,321
agi,322
agj,323
agk,324
agl,325
agm,326
agn,327
ago,328
agp,329
agq,330
agr,331
ags,332
agt,333
agu,334
agv,335
agw,336
agx,337
agy,338
agz,339
aha,340
ahb,341
ahg,342
ahh,343
ahi,344
ahk,345
ahl,346
ahm,347
ahn,348
aho,349
ahp,350
ahr,351
ahs,352
aht,353
aia,354
aib,355
aic,356
aid,357
aie,358
aif,359
aig,360
aih,361
aii,362
aij,363
aik,364
ail,365
aim,366
ain,367
aio,368
aip,369
aiq,370
air,371
ais,372
ait,373
aiw,374
aix,375
aiy,376
aja,377
ajg,378
aji,379
ajn,380
ajp,381
ajt,382
aju,383
ajw,384
ajz,385
akb,386
akc,387
akd,388
ake,389
akf,390
akg,391
akh,392
aki,393
akj,394
akk,395
akl,396
akm,397
ako,398
akp,399
akq,400
akr,401
aks,402
akt,403
aku,404
akv,405
akw,406
akx,407
aky,408
akz,409
ala,410
alc,411
ald,412
ale,413
alf,414
alg,415
alh,416
ali,417
alj,418
alk,419
all,420
alm,421
aln,422
alo,423
alp,424
alq,425
alr,426
als,427
alt,428
alu,429
alv,430
alw,431
alx,432
aly,433
alz,434
ama,435
amb,436
amc,437
ame,438
amf,439
amg,440
ami,441
amj,442
amk,443
aml,444
amm,445
amn,446
amo,447
amp,448
amq,449
amr,450
ams,451
amt,452
amu,453
amv,454
amw,455
amx,456
amy,457
amz,458
ana,459
anb,460
anc,461
and,462
ane,463
anf,464
ang,465
anh,466
ani,467
anj,468
ank,469
anl,470
anm,471
ann,472
ano,473
anp,474
anq,475
anr,476
ans,477
ant,478
anu,479
anv,480
anw,481
anx,482
any,483
anz,484
aoa,485
aob,486
aoc,487
aod,488
aoe,489
aof,490
aog,491
aoh,492
aoi,493
aoj,494
aok,495
aol,496
aom,497
aon,498
aor,499
aos,500
aot,501
aou,502
aox,503
aoz,504
apa,505
apb,506
apc,507
apd,508
ape,509
apf,510
apg,511
aph,512
api,513
apj,514
apk,515
apl,516
apm,517
apn,518
apo,519
app,520
apq,521
apr,522
aps,523
apt,524
apu,525
apv,526
apw,527
apx,528
apy,529
apz,530
aqa,531
aqc,532
aqd,533
aqg,534
aql,535
aqm,536
aqn,537
aqp,538
aqr,539
aqt,540
aqz,541
arb,542
arc,543
ard,544
are,545
arh,546
ari,547
arj,548
ark,549
arl,550
arn,551
aro,552
arp,553
arq,554
arr,555
ars,556
art,557
aru,558
arv,559
arw,560
arx,561
ary,562
arz,563
asa,564
asb,565
asc,566
asd,567
ase,568
asf,569
asg,570
ash,571
asi,572
asj,573
ask,574
asl,575
asn,576
aso,577
asp,578
asq,579
asr,580
ass,581
ast,582
asu,583
asv,584
asw,585
asx,586
asy,587
asz,588
ata,589
atb,590
atc,591
atd,592
ate,593
atg,594
ath,595
ati,596
atj,597
atk,598
atl,599
atm,600
atn,601
ato,602
atp,603
atq,604
atr,605
ats,606
att,607
atu,608
atv,609
atw,610
atx,611
aty,612
atz,613
aua,614
aub,615
auc,616
aud,617
aue,618
auf,619
aug,620
auh,621
aui,622
auj,623
auk,624
aul,625
aum,626
aun,627
auo,628
aup,629
auq,630
aur,631
aus,632
aut,633
auu,634
auw,635
aux,636
auy,637
auz,638
avb,639
avd,640
avi,641
avk,642
avl,643
avm,644
avn,645
avo,646
avs,647
avt,648
avu,649
avv,650
awa,651
awb,652
awc,653
awd,654
awe,655
awg,656
awh,657
awi,658
awk,659
awm,660
awn,661
awo,662
awr,663
aws,664
awt,665
awu,666
awv,667
aww,668
awx,669
awy,670
axb,671
axe,672
axg,673
axk,674
axl,675
axm,676
axx,677
aya,678
ayb,679
ayc,680
ayd,681
aye,682
ayg,683
ayh,684
ayi,685
ayk,686
ayl,687
ayn,688
ayo,689
ayp,690
ayq,691
ayr,692
ays,693
ayt,694
ayu,695
ayx,696
ayy,697
ayz,698
aza,699
azb,700
azc,701
azd,702
azg,703
azj,704
azm,705
azn,706
azo,707
azt,708
azz,709
baa,710
bab,711
bac,712
bad,713
bae,714
baf,715
bag,716
bah,717
bai,718
baj,719
bal,720
ban,721
bao,722
bap,723
bar,724
bas,725
bat,726
bau,727
bav,728
baw,729
bax,730
bay,731
baz,732
bba,733
bbb,734
bbc,735
bbd,736
bbe,737
bbf,738
bbg,739
bbh,740
bbi,741
bbj,742
bbk,743
bbl,744
bbm,745
bbn,746
bbo,747
bbp,748
bbq,749
bbr,750
bbs,751
bbt,752
bbu,753
bbv,754
bbw,755
bbx,756
bby,757
bbz,758
bca,759
bcb,760
bcc,761
bcd,762
bce,763
bcf,764
bcg,765
bch,766
bci,767
bcj,768
bck,769
bcl,770
bcm,771
bcn,772
bco,773
bcp,774
bcq,775
bcr,776
bcs,777
bct,778
bcu,779
bcv,780
bcw,781
bcy,782
bcz,783
bda,784
bdb,785
bdc,786
bdd,787
bde,788
bdf,789
bdg,790
bdh,791
bdi,792
bdj,793
bdk,794
bdl,795
bdm,796
bdn,797
bdo,798
bdp,799
bdq,800
bdr,801
bds,802
bdt,803
bdu,804
bdv,805
bdw,806
bdx,807
bdy,808
bdz,809
bea,810
beb,811
bec,812
bed,813
bee,814
bef,815
beg,816
beh,817
bei,818
bej,819
bek,820
bem,821
beo,822
bep,823
beq,824
ber,825
bes,826
bet,827
beu,828
bev,829
bew,830
bex,831
bey,832
bez,833
bfa,834
bfb,835
bfc,836
bfd,837
bfe,838
bff,839
bfg,840
bfh,841
bfi,842
bfj,843
bfk,844
bfl,845
bfm,846
bfn,847
bfo,848
bfp,849
bfq,850
bfr,851
bfs,852
bft,853
bfu,854
bfw,855
bfx,856
bfy,857
bfz,858
bga,859
bgb,860
bgc,861
bgd,862
bge,863
bgf,864
bgg,865
bgi,866
bgj,867
bgk,868
bgl,869
bgm,870
bgn,871
bgo,872
bgp,873
bgq,874
bgr,875
bgs,876
bgt,877
bgu,878
bgv,879
bgw,880
bgx,881
bgy,882
bgz,883
bha,884
bhb,885
bhc,886
bhd,887
bhe,888
bhf,889
bhg,890
bhh,891
bhi,892
bhj,893
bhk,894
bhl,895
bhm,896
bhn,897
bho,898
bhp,899
bhq,900
bhr,901
bhs,902
bht,903
bhu,904
bhv,905
bhw,906
bhx,907
bhy,908
bhz,909
bia,910
bib,911
bic,912
bid,913
bie,914
bif,915
big,916
bij,917
bik,918
bil,919
bim,920
bin,921
bio,922
bip,923
biq,924
bir,925
bit,926
biu,927
biv,928
biw,929
bix,930
biy,931
biz,932
bja,933
bjb,934
bjc,935
bjd,936
bje,937
bjf,938
bjg,939
bjh,940
bji,941
bjj,942
bjk,943
bjl,944
bjm,945
bjn,946
bjo,947
bjp,948
bjq,949
bjr,950
bjs,951
bjt,952
bju,953
bjv,954
bjw,955
bjx,956
bjy,957
bjz,958
bka,959
bkb,960
bkc,961
bkd,962
bkf,963
bkg,964
bkh,965
bki,966
bkj,967
bkk,968
bkl,969
bkm,970
bkn,971
bko,972
bkp,973
bkq,974
bkr,975
bks,976
bkt,977
bku,978
bkv,979
bkw,980
bkx,981
bky,982
bkz,983
bla,984
blb,985
blc,986
bld,987
ble,988
blf,989
blg,990
blh,991
bli,992
blj,993
blk,994
bll,995
blm,996
bln,997
blo,998
blp,999
blq,1000
blr,1001
bls,1002
blt,1003
blv,1004
blw,1005
blx,1006
bly,1007
blz,1008
bma,1009
bmb,1010
bmc,1011
bmd,1012
bme,1013
bmf,1014
bmg,1015
bmh,1016
bmi,1017
bmj,1018
bmk,1019
bml,1020
bmm,1021
bmn,1022
bmo,1023
bmp,1024
bmq,1025
bmr,1026
bms,1027
bmt,1028
bmu,1029
bmv,1030
bmw,1031
bmx,1032
bmy,1033
bmz,1034
bna,1035
bnb,1036
bnc,1037
bnd,1038
bne,1039
bnf,1040
bng,1041
bni,1042
bnj,1043
bnk,1044
bnl,1045
bnm,1046
bnn,1047
bno,1048
bnp,1049
bnq,1050
bnr,1051
bns,1052
bnt,1053
bnu,1054
bnv,1055
bnw,1056
bnx,1057
bny,1058
bnz,1059
boa,1060
bob,1061
boe,1062
bof,1063
bog,1064
boh,1065
boi,1066
boj,1067
bok,1068
bol,1069
bom,1070
bon,1071
boo,1072
bop,1073
boq,1074
bor,1075
bot,1076
bou,1077
bov,1078
bow,1079
box,1080
boy,1081
boz,1082
bpa,1083
bpb,1084
bpd,1085
bpg,1086
bph,1087
bpi,1088
bpj,1089
bpk,1090
bpl,1091
bpm,1092
bpn,1093
bpo,1094
bpp,1095
bpq,1096
bpr,1097
bps,1098
bpt,1099
bpu,1100
bpv,1101
bpw,1102
bpx,1103
bpy,1104
bpz,1105
bqa,1106
bqb,1107
bqc,1108
bqd,1109
bqf,1110
bqg,1111
bqh,1112
bqi,1113
bqj,1114
bqk,1115
bql,1116
bqm,1117
bqn,1118
bqo,1119
bqp,1120
bqq,1121
bqr,1122
bqs,1123
bqt,1124
bqu,1125
bqv,1126
bqw,1127
bqx,1128
bqy,1129
bqz,1130
bra,1131
brb,1132
brc,1133
brd,1134
brf,1135
brg,1136
brh,1137
bri,1138
brj,1139
brk,1140
brl,1141
brm,1142
brn,1143
bro,1144
brp,1145
brq,1146
brr,1147
brs,1148
brt,1149
bru,1150
brv,1151
brw,1152
brx,1153
bry,1154
brz,1155
bsa,1156
bsb,1157
bsc,1158
bse,1159
bsf,1160
bsg,1161
bsh,1162
bsi,1163
bsj,1164
bsk,1165
bsl,1166
bsm,1167
bsn,1168
bso,1169
bsp,1170
bsq,1171
bsr,1172
bss,1173
bst,1174
bsu,1175
bsv,1176
bsw,1177
bsx,1178
bsy,1179
bta,1180
btb,1181
btc,1182
btd,1183
bte,1184
btf,1185
btg,1186
bth,1187
bti,1188
btj,1189
btk,1190
btl,1191
btm,1192
btn,1193
bto,1194
btp,1195
btq,1196
btr,1197
bts,1198
btt,1199
btu,1200
btv,1201
btw,1202
btx,1203
bty,1204
btz,1205
bua,1206
bub,1207
buc,1208
bud,1209
bue,1210
buf,1211
bug,1212
buh,1213
bui,1214
buj,1215
buk,1216
bum,1217
bun,1218
buo,1219
bup,1220
buq,1221
bus,1222
but,1223
buu,1224
buv,1225
buw,1226
bux,1227
buy,1228
buz,1229
bva,1230
bvb,1231
bvc,1232
bvd,1233
bve,1234
bvf,1235
bvg,1236
bvh,1237
bvi,1238
bvj,1239
bvk,1240
bvl,1241
bvm,1242
bvn,1243
bvo,1244
bvp,1245
bvq,1246
bvr,1247
bvt,1248
bvu,1249
bvv,1250
bvw,1251
bvx,1252
bvy,1253
bvz,1254
bwa,1255
bwb,1256
bwc,1257
bwd,1258
bwe,1259
bwf,1260
bwg,1261
bwh,1262
bwi,1263
bwj,1264
bwk,1265
bwl,1266
bwm,1267
bwn,1268
bwo,1269
bwp,1270
bwq,1271
bwr,1272
bws,1273
bwt,1274
bwu,1275
bww,1276
bwx,1277
bwy,1278
bwz,1279
bxa,1280
bxb,1281
bxc,1282
bxd,1283
bxe,1284
bxf,1285
bxg,1286
bxh,1287
bxi,1288
bxj,1289
bxk,1290
bxl,1291
bxm,1292
bxn,1293
bxo,1294
bxp,1295
bxq,1296
bxr,1297
bxs,1298
bxu,1299
bxv,1300
bxw,1301
bxx,1302
bxz,1303
bya,1304
byb,1305
byc,1306
byd,1307
bye,1308
byf,1309
byg,1310
byh,1311
byi,1312
byj,1313
byk,1314
byl,1315
bym,1316
byn,1317
byo,1318
byp,1319
byq,1320
byr,1321
bys,1322
byt,1323
byv,1324
byw,1325
byx,1326
byy,1327
byz,1328
bza,1329
bzb,1330
bzc,1331
bzd,1332
bze,1333
bzf,1334
bzg,1335
bzh,1336
bzi,1337
bzj,1338
bzk,1339
bzl,1340
bzm,1341
bzn,1342
bzo,1343
bzp,1344
bzq,1345
bzr,1346
bzs,1347
bzt,1348
bzu,1349
bzv,1350
bzw,1351
bzx,1352
bzy,1353
bzz,1354
caa,1355
cab,1356
cac,1357
cad,1358
cae,1359
caf,1360
cag,1361
cah,1362
cai,1363
caj,1364
cak,1365
cal,1366
cam,1367
can,1368
cao,1369
cap,1370
caq,1371
car,1372
cas,1373
cau,1374
cav,1375
caw,1376
cax,1377
cay,1378
caz,1379
cba,1380
cbb,1381
cbc,1382
cbd,1383
cbe,1384
cbg,1385
cbh,1386
cbi,1387
cbj,1388
cbk,1389
cbl,1390
cbn,1391
cbo,1392
cbq,1393
cbr,1394
cbs,1395
cbt,1396
cbu,1397
cbv,1398
cbw,1399
cby,1400
cca,1401
ccc,1402
ccd,1403
cce,1404
ccg,1405
cch,1406
ccj,1407
ccl,1408
ccm,1409
ccn,1410
cco,1411
ccp,1412
ccq,1413
ccr,1414
ccs,1415
cda,1416
cdc,1417
cdd,1418
cde,1419
cdf,1420
cdg,1421
cdh,1422
cdi,1423
cdj,1424
cdm,1425
cdn,1426
cdo,1427
cdr,1428
cds,1429
cdy,1430
cdz,1431
cea,1432
ceb,1433
ceg,1434
cek,1435
cel,1436
cen,1437
cet,1438
cey,1439
cfa,1440
cfd,1441
cfg,1442
cfm,1443
cga,1444
cgc,1445
cgg,1446
cgk,1447
chb,1448
chc,1449
chd,1450
chf,1451
chg,1452
chh,1453
chj,1454
chk,1455
chl,1456
chm,1457
chn,1458
cho,1459
chp,1460
chq,1461
chr,1462
cht,1463
chw,1464
chx,1465
chy,1466
chz,1467
cia,1468
cib,1469
cic,1470
cid,1471
cie,1472
cih,1473
cik,1474
cim,1475
cin,1476
cip,1477
cir,1478
ciw,1479
ciy,1480
cja,1481
cje,1482
cjh,1483
cji,1484
cjk,1485
cjm,1486
cjn,1487
cjo,1488
cjp,1489
cjr,1490
cjs,1491
cjv,1492
cjy,1493
cka,1494
ckb,1495
ckh,1496
ckl,1497
ckn,1498
cko,1499
ckq,1500
ckr,1501
cks,1502
ckt,1503
cku,1504
ckv,1505
ckx,1506
cky,1507
ckz,1508
cla,1509
clc,1510
cld,1511
cle,1512
clh,1513
cli,1514
clj,1515
clk,1516
cll,1517
clm,1518
clo,1519
clt,1520
clu,1521
clw,1522
cly,1523
cma,1524
cmc,1525
cme,1526
cmg,1527
cmi,1528
cmk,1529
cml,1530
cmm,1531
cmn,1532
cmo,1533
cmr,1534
cms,1535
cmt,1536
cna,1537
cnb,1538
cnc,1539
cng,1540
cnh,1541
cni,1542
cnk,1543
cnl,1544
cno,1545
cnr,1546
cns,1547
cnt,1548
cnu,1549
cnw,1550
cnx,1551
coa,1552
cob,1553
coc,1554
cod,1555
coe,1556
cof,1557
cog,1558
coh,1559
coj,1560
cok,1561
col,1562
com,1563
con,1564
coo,1565
cop,1566
coq,1567
cot,1568
cou,1569
cov,1570
cow,1571
cox,1572
coy,1573
coz,1574
cpa,1575
cpb,1576
cpc,1577
cpe,1578
cpf,1579
cpg,1580
cpi,1581
cpn,1582
cpo,1583
cpp,1584
cps,1585
cpu,1586
cpx,1587
cpy,1588
cqd,1589
cqu,1590
cra,1591
crb,1592
crc,1593
crd,1594
crf,1595
crg,1596
crh,1597
cri,1598
crj,1599
crk,1600
crl,1601
crm,1602
crn,1603
cro,1604
crp,1605
crq,1606
crr,1607
crs,1608
crt,1609
crv,1610
crw,1611
crx,1612
cry,1613
crz,1614
csa,1615
csb,1616
csc,1617
csd,1618
cse,1619
csf,1620
csg,1621
csh,1622
csi,1623
csj,1624
csk,1625
csl,1626
csm,1627
csn,1628
cso,1629
csq,1630
csr,1631
css,1632
cst,1633
csu,1634
csv,1635
csw,1636
csy,1637
csz,1638
cta,1639
ctc,1640
ctd,1641
cte,1642
ctg,1643
cth,1644
ctl,1645
ctm,1646
ctn,1647
cto,1648
ctp,1649
cts,1650
ctt,1651
ctu,1652
ctz,1653
cua,1654
cub,1655
cuc,1656
cug,1657
cuh,1658
cui,1659
cuj,1660
cuk,1661
cul,1662
cum,1663
cuo,1664
cup,1665
cuq,1666
cur,1667
cus,1668
cut,1669
cuu,1670
cuv,1671
cuw,1672
cux,1673
cuy,1674
cvg,1675
cvn,1676
cwa,1677
cwb,1678
cwd,1679
cwe,1680
cwg,1681
cwt,1682
cya,1683
cyb,1684
cyo,1685
czh,1686
czk,1687
czn,1688
czo,1689
czt,1690
daa,1691
dac,1692
dad,1693
dae,1694
daf,1695
dag,1696
dah,1697
dai,1698
daj,1699
dak,1700
dal,1701
dam,1702
dao,1703
dap,1704
daq,1705
dar,1706
das,1707
dau,1708
dav,1709
daw,1710
dax,1711
day,1712
daz,1713
dba,1714
dbb,1715
dbd,1716
dbe,1717
dbf,1718
dbg,1719
dbi,1720
dbj,1721
dbl,1722
dbm,1723
dbn,1724
dbo,1725
dbp,1726
dbq,1727
dbr,1728
dbt,1729
dbu,1730
dbv,1731
dbw,1732
dby,1733
dcc,1734
dcr,1735
dda,1736
ddd,1737
dde,1738
ddg,1739
ddi,1740
ddj,1741
ddn,1742
ddo,1743
ddr,1744
dds,1745
ddw,1746
dec,1747
ded,1748
dee,1749
def,1750
deg,1751
deh,1752
dei,1753
dek,1754
del,1755
dem,1756
den,1757
dep,1758
deq,1759
der,1760
des,1761
dev,1762
dez,1763
dga,1764
dgb,1765
dgc,1766
dgd,1767
dge,1768
dgg,1769
dgh,1770
dgi,1771
dgk,1772
dgl,1773
dgn,1774
dgo,1775
dgr,1776
dgs,1777
dgt,1778
dgu,1779
dgw,1780
dgx,1781
dgz,1782
dha,1783
dhd,1784
dhg,1785
dhi,1786
dhl,1787
dhm,1788
dhn,1789
dho,1790
dhr,1791
dhs,1792
dhu,1793
dhv,1794
dhw,1795
dhx,1796
dia,1797
dib,1798
dic,1799
did,1800
dif,1801
dig,1802
dih,1803
dii,1804
dij,1805
dik,1806
dil,1807
dim,1808
din,1809
dio,1810
dip,1811
diq,1812
dir,1813
dis,1814
dit,1815
diu,1816
diw,1817
dix,1818
diy,1819
diz,1820
dja,1821
djb,1822
djc,1823
djd,1824
dje,1825
djf,1826
dji,1827
djj,1828
djk,1829
djl,1830
djm,1831
djn,1832
djo,1833
djr,1834
dju,1835
djw,1836
dka,1837
dkk,1838
dkl,1839
dkr,1840
dks,1841
dkx,1842
dlg,1843
dlk,1844
dlm,1845
dln,1846
dma,1847
dmb,1848
dmc,1849
dmd,1850
dme,1851
dmg,1852
dmk,1853
dml,1854
dmm,1855
dmn,1856
dmo,1857
dmr,1858
dms,1859
dmu,1860
dmv,1861
dmw,1862
dmx,1863
dmy,1864
dna,1865
dnd,1866
dne,1867
dng,1868
dni,1869
dnj,1870
dnk,1871
dnn,1872
dno,1873
dnr,1874
dnt,1875
dnu,1876
dnv,1877
dnw,1878
dny,1879
doa,1880
dob,1881
doc,1882
doe,1883
dof,1884
doh,1885
doi,1886
dok,1887
dol,1888
don,1889
doo,1890
dop,1891
doq,1892
dor,1893
dos,1894
dot,1895
dov,1896
dow,1897
dox,1898
doy,1899
doz,1900
dpp,1901
dra,1902
drb,1903
drc,1904
drd,1905
dre,1906
drg,1907
drh,1908
dri,1909
drl,1910
drn,1911
dro,1912
drq,1913
drr,1914
drs,1915
drt,1916
dru,1917
drw,1918
dry,1919
dsb,1920
dse,1921
dsh,1922
dsi,1923
dsl,1924
dsn,1925
dso,1926
dsq,1927
dta,1928
dtb,1929
dtd,1930
dth,1931
dti,1932
dtk,1933
dtm,1934
dtn,1935
dto,1936
dtp,1937
dtr,1938
dts,1939
dtt,1940
dtu,1941
dty,1942
dua,1943
dub,1944
duc,1945
dud,1946
due,1947
duf,1948
dug,1949
duh,1950
dui,1951
duj,1952
duk,1953
dul,1954
dum,1955
dun,1956
duo,1957
dup,1958
duq,1959
dur,1960
dus,1961
duu,1962
duv,1963
duw,1964
dux,1965
duy,1966
duz,1967
dva,1968
dwa,1969
dwl,1970
dwr,1971
dws,1972
dwu,1973
dww,1974
dwy,1975
dwz,1976
dya,1977
dyb,1978
dyd,1979
dyg,1980
dyi,1981
dym,1982
dyn,1983
dyo,1984
dyu,1985
dyy,1986
dza,1987
dzd,1988
dze,1989
dzg,1990
dzl,1991
dzn,1992
eaa,1993
ebg,1994
ebk,1995
ebo,1996
ebr,1997
ebu,1998
ecr,1999
ecs,2000
ecy,2001
eee,2002
efa,2003
efe,2004
efi,2005
ega,2006
egl,2007
ego,2008
egx,2009
egy,2010
ehu,2011
eip,2012
eit,2013
eiv,2014
eja,2015
eka,2016
ekc,2017
eke,2018
ekg,2019
eki,2020
ekk,2021
ekl,2022
ekm,2023
eko,2024
ekp,2025
ekr,2026
eky,2027
ele,2028
elh,2029
eli,2030
elk,2031
elm,2032
elo,2033
elp,2034
elu,2035
elx,2036
ema,2037
emb,2038
eme,2039
emg,2040
emi,2041
emk,2042
emm,2043
emn,2044
emo,2045
emp,2046
ems,2047
emu,2048
emw,2049
emx,2050
emy,2051
ena,2052
enb,2053
enc,2054
end,2055
enf,2056
enh,2057
enl,2058
enm,2059
enn,2060
eno,2061
enq,2062
enr,2063
enu,2064
env,2065
enw,2066
enx,2067
eot,2068
epi,2069
era,2070
erg,2071
erh,2072
eri,2073
erk,2074
ero,2075
err,2076
ers,2077
ert,2078
erw,2079
ese,2080
esg,2081
esh,2082
esi,2083
esk,2084
esl,2085
esm,2086
esn,2087
eso,2088
esq,2089
ess,2090
esu,2091
esx,2092
esy,2093
etb,2094
etc,2095
eth,2096
etn,2097
eto,2098
etr,2099
ets,2100
ett,2101
etu,2102
etx,2103
etz,2104
euq,2105
eve,2106
evh,2107
evn,2108
ewo,2109
ext,2110
eya,2111
eyo,2112
eza,2113
eze,2114
faa,2115
fab,2116
fad,2117
faf,2118
fag,2119
fah,2120
fai,2121
faj,2122
fak,2123
fal,2124
fam,2125
fan,2126
fap,2127
far,2128
fat,2129
fau,2130
fax,2131
fay,2132
faz,2133
fbl,2134
fcs,2135
fer,2136
ffi,2137
ffm,2138
fgr,2139
fia,2140
fie,2141
fil,2142
fip,2143
fir,2144
fit,2145
fiu,2146
fiw,2147
fkk,2148
fkv,2149
fla,2150
flh,2151
fli,2152
fll,2153
fln,2154
flr,2155
fly,2156
fmp,2157
fmu,2158
fnb,2159
fng,2160
fni,2161
fod,2162
foi,2163
fom,2164
fon,2165
for,2166
fos,2167
fox,2168
fpe,2169
fqs,2170
frc,2171
frd,2172
frk,2173
frm,2174
fro,2175
frp,2176
frq,2177
frr,2178
frs,2179
frt,2180
fse,2181
fsl,2182
fss,2183
fub,2184
fuc,2185
fud,2186
fue,2187
fuf,2188
fuh,2189
fui,2190
fuj,2191
fum,2192
fun,2193
fuq,2194
fur,2195
fut,2196
fuu,2197
fuv,2198
fuy,2199
fvr,2200
fwa,2201
fwe,2202
gaa,2203
gab,2204
gac,2205
gad,2206
gae,2207
gaf,2208
gag,2209
gah,2210
gai,2211
gaj,2212
gak,2213
gal,2214
gam,2215
gan,2216
gao,2217
gap,2218
gaq,2219
gar,2220
gas,2221
gat,2222
gau,2223
gav,2224
gaw,2225
gax,2226
gay,2227
gaz,2228
gba,2229
gbb,2230
gbc,2231
gbd,2232
gbe,2233
gbf,2234
gbg,2235
gbh,2236
gbi,2237
gbj,2238
gbk,2239
gbl,2240
gbm,2241
gbn,2242
gbo,2243
gbp,2244
gbq,2245
gbr,2246
gbs,2247
gbu,2248
gbv,2249
gbw,2250
gbx,2251
gby,2252
gbz,2253
gcc,2254
gcd,2255
gce,2256
gcf,2257
gcl,2258
gcn,2259
gcr,2260
gct,2261
gda,2262
gdb,2263
gdc,2264
gdd,2265
gde,2266
gdf,2267
gdg,2268
gdh,2269
gdi,2270
gdj,2271
gdk,2272
gdl,2273
gdm,2274
gdn,2275
gdo,2276
gdq,2277
gdr,2278
gds,2279
gdt,2280
gdu,2281
gdx,2282
gea,2283
geb,2284
gec,2285
ged,2286
geg,2287
geh,2288
gei,2289
gej,2290
gek,2291
gel,2292
gem,2293
geq,2294
ges,2295
gev,2296
gew,2297
gex,2298
gey,2299
gez,2300
gfk,2301
gft,2302
gfx,2303
gga,2304
ggb,2305
ggd,2306
gge,2307
ggg,2308
ggk,2309
ggl,2310
ggn,2311
ggo,2312
ggr,2313
ggt,2314
ggu,2315
ggw,2316
gha,2317
ghc,2318
ghe,2319
ghh,2320
ghk,2321
ghl,2322
ghn,2323
gho,2324
ghr,2325
ghs,2326
ght,2327
gia,2328
gib,2329
gic,2330
gid,2331
gie,2332
gig,2333
gih,2334
gil,2335
gim,2336
gin,2337
gio,2338
gip,2339
giq,2340
gir,2341
gis,2342
git,2343
giu,2344
giw,2345
gix,2346
giy,2347
giz,2348
gji,2349
gjk,2350
gjm,2351
gjn,2352
gjr,2353
gju,2354
gka,2355
gkd,2356
gke,2357
gkn,2358
gko,2359
gkp,2360
gku,2361
glc,2362
gld,2363
glh,2364
gli,2365
glj,2366
glk,2367
gll,2368
glo,2369
glr,2370
glu,2371
glw,2372
gly,2373
gma,2374
gmb,2375
gmd,2376
gme,2377
gmg,2378
gmh,2379
gml,2380
gmm,2381
gmn,2382
gmq,2383
gmu,2384
gmv,2385
gmw,2386
gmx,2387
gmy,2388
gmz,2389
gna,2390
gnb,2391
gnc,2392
gnd,2393
gne,2394
gng,2395
gnh,2396
gni,2397
gnj,2398
gnk,2399
gnl,2400
gnm,2401
gnn,2402
gno,2403
gnq,2404
gnr,2405
gnt,2406
gnu,2407
gnw,2408
gnz,2409
goa,2410
gob,2411
goc,2412
god,2413
goe,2414
gof,2415
gog,2416
goh,2417
goi,2418
goj,2419
gok,2420
gol,2421
gom,2422
gon,2423
goo,2424
gop,2425
goq,2426
gor,2427
gos,2428
got,2429
gou,2430
gow,2431
gox,2432
goy,2433
goz,2434
gpa,2435
gpe,2436
gpn,2437
gqa,2438
gqi,2439
gqn,2440
gqr,2441
gqu,2442
gra,2443
grb,2444
grc,2445
grd,2446
grg,2447
grh,2448
gri,2449
grj,2450
grk,2451
grm,2452
gro,2453
grq,2454
grr,2455
grs,2456
grt,2457
gru,2458
grv,2459
grw,2460
grx,2461
gry,2462
grz,2463
gse,2464
gsg,2465
gsl,2466
gsm,2467
gsn,2468
gso,2469
gsp,2470
gss,2471
gsw,2472
gta,2473
gti,2474
gtu,2475
gua,2476
gub,2477
guc,2478
gud,2479
gue,2480
guf,2481
gug,2482
guh,2483
gui,2484
guk,2485
gul,2486
gum,2487
gun,2488
guo,2489
gup,2490
guq,2491
gur,2492
gus,2493
gut,2494
guu,2495
guv,2496
guw,2497
gux,2498
guz,2499
gva,2500
gvc,2501
gve,2502
gvf,2503
gvj,2504
gvl,2505
gvm,2506
gvn,2507
gvo,2508
gvp,2509
gvr,2510
gvs,2511
gvy,2512
gwa,2513
gwb,2514
gwc,2515
gwd,2516
gwe,2517
gwf,2518
gwg,2519
gwi,2520
gwj,2521
gwm,2522
gwn,2523
gwr,2524
gwt,2525
gwu,2526
gww,2527
gwx,2528
gxx,2529
gya,2530
gyb,2531
gyd,2532
gye,2533
gyf,2534
gyg,2535
gyi,2536
gyl,2537
gym,2538
gyn,2539
gyo,2540
gyr,2541
gyy,2542
gza,2543
gzi,2544
gzn,2545
haa,2546
hab,2547
hac,2548
had,2549
hae,2550
haf,2551
hag,2552
hah,2553
hai,2554
haj,2555
hak,2556
hal,2557
ham,2558
han,2559
hao,2560
hap,2561
haq,2562
har,2563
has,2564
hav,2565
haw,2566
hax,2567
hay,2568
haz,2569
hba,2570
hbb,2571
hbn,2572
hbo,2573
hbu,2574
hca,2575
hch,2576
hdn,2577
hds,2578
hdy,2579
hea,2580
hed,2581
heg,2582
heh,2583
hei,2584
hem,2585
hgm,2586
hgw,2587
hhi,2588
hhr,2589
hhy,2590
hia,2591
hib,2592
hid,2593
hif,2594
hig,2595
hih,2596
hii,2597
hij,2598
hik,2599
hil,2600
him,2601
hio,2602
hir,2603
hit,2604
hiw,2605
hix,2606
hji,2607
hka,2608
hke,2609
hkk,2610
hkn,2611
hks,2612
hla,2613
hlb,2614
hld,2615
hle,2616
hlt,2617
hlu,2618
hma,2619
hmb,2620
hmc,2621
hmd,2622
hme,2623
hmf,2624
hmg,2625
hmh,2626
hmi,2627
hmj,2628
hmk,2629
hml,2630
hmm,2631
hmn,2632
hmp,2633
hmq,2634
hmr,2635
hms,2636
hmt,2637
hmu,2638
hmv,2639
hmw,2640
hmx,2641
hmy,2642
hmz,2643
hna,2644
hnd,2645
hne,2646
hnh,2647
hni,2648
hnj,2649
hnn,2650
hno,2651
hns,2652
hnu,2653
hoa,2654
hob,2655
hoc,2656
hod,2657
hoe,2658
hoh,2659
hoi,2660
hoj,2661
hok,2662
hol,2663
hom,2664
hoo,2665
hop,2666
hor,2667
hos,2668
hot,2669
hov,2670
how,2671
hoy,2672
hoz,2673
hpo,2674
hps,2675
hra,2676
hrc,2677
hre,2678
hrk,2679
hrm,2680
hro,2681
hrp,2682
hrr,2683
hrt,2684
hru,2685
hrw,2686
hrx,2687
hrz,2688
hsb,2689
hsh,2690
hsl,2691
hsn,2692
hss,2693
hti,2694
hto,2695
hts,2696
htu,2697
htx,2698
hub,2699
huc,2700
hud,2701
hue,2702
huf,2703
hug,2704
huh,2705
hui,2706
huj,2707
huk,2708
hul,2709
hum,2710
huo,2711
hup,2712
huq,2713
hur,2714
hus,2715
hut,2716
huu,2717
huv,2718
huw,2719
hux,2720
huy,2721
huz,2722
hvc,2723
hve,2724
hvk,2725
hvn,2726
hvv,2727
hwa,2728
hwc,2729
hwo,2730
hya,2731
hyw,2732
hyx,2733
iai,2734
ian,2735
iap,2736
iar,2737
iba,2738
ibb,2739
ibd,2740
ibe,2741
ibg,2742
ibh,2743
ibi,2744
ibl,2745
ibm,2746
ibn,2747
ibr,2748
ibu,2749
iby,2750
ica,2751
ich,2752
icl,2753
icr,2754
ida,2755
idb,2756
idc,2757
idd,2758
ide,2759
idi,2760
idr,2761
ids,2762
idt,2763
idu,2764
ifa,2765
ifb,2766
ife,2767
iff,2768
ifk,2769
ifm,2770
ifu,2771
ify,2772
igb,2773
ige,2774
igg,2775
igl,2776
igm,2777
ign,2778
igo,2779
igs,2780
igw,2781
ihb,2782
ihi,2783
ihp,2784
ihw,2785
iin,2786
iir,2787
ijc,2788
ije,2789
ijj,2790
ijn,2791
ijo,2792
ijs,2793
ike,2794
iki,2795
ikk,2796
ikl,2797
iko,2798
ikp,2799
ikr,2800
iks,2801
ikt,2802
ikv,2803
ikw,2804
ikx,2805
ikz,2806
ila,2807
ilb,2808
ilg,2809
ili,2810
ilk,2811
ill,2812
ilm,2813
ilo,2814
ilp,2815
ils,2816
ilu,2817
ilv,2818
ilw,2819
ima,2820
ime,2821
imi,2822
iml,2823
imn,2824
imo,2825
imr,2826
ims,2827
imy,2828
inb,2829
inc,2830
ine,2831
ing,2832
inh,2833
inj,2834
inl,2835
inm,2836
inn,2837
ino,2838
inp,2839
ins,2840
int,2841
inz,2842
ior,2843
iou,2844
iow,2845
ipi,2846
ipo,2847
iqu,2848
iqw,2849
ira,2850
ire,2851
irh,2852
iri,2853
irk,2854
irn,2855
iro,2856
irr,2857
iru,2858
irx,2859
iry,2860
isa,2861
isc,2862
isd,2863
ise,2864
isg,2865
ish,2866
isi,2867
isk,2868
ism,2869
isn,2870
iso,2871
isr,2872
ist,2873
isu,2874
itb,2875
itc,2876
itd,2877
ite,2878
iti,2879
itk,2880
itl,2881
itm,2882
ito,2883
itr,2884
its,2885
itt,2886
itv,2887
itw,2888
itx,2889
ity,2890
itz,2891
ium,2892
ivb,2893
ivv,2894
iwk,2895
iwm,2896
iwo,2897
iws,2898
ixc,2899
ixl,2900
iya,2901
iyo,2902
iyx,2903
izh,2904
izi,2905
izr,2906
izz,2907
jaa,2908
jab,2909
jac,2910
jad,2911
jae,2912
jaf,2913
jah,2914
jaj,2915
jak,2916
jal,2917
jam,2918
jan,2919
jao,2920
jaq,2921
jar,2922
jas,2923
jat,2924
jau,2925
jax,2926
jay,2927
jaz,2928
jbe,2929
jbi,2930
jbj,2931
jbk,2932
jbn,2933
jbo,2934
jbr,2935
jbt,2936
jbu,2937
jbw,2938
jcs,2939
jct,2940
jda,2941
jdg,2942
jdt,2943
jeb,2944
jee,2945
jeg,2946
jeh,2947
jei,2948
jek,2949
jel,2950
jen,2951
jer,2952
jet,2953
jeu,2954
jgb,2955
jge,2956
jgk,2957
jgo,2958
jhi,2959
jhs,2960
jia,2961
jib,2962
jic,2963
jid,2964
jie,2965
jig,2966
jih,2967
jii,2968
jil,2969
jim,2970
jio,2971
jiq,2972
jit,2973
jiu,2974
jiv,2975
jiy,2976
jje,2977
jjr,2978
jka,2979
jkm,2980
jko,2981
jkp,2982
jkr,2983
jku,2984
jle,2985
jls,2986
jma,2987
jmb,2988
jmc,2989
jmd,2990
jmi,2991
jml,2992
jmn,2993
jmr,2994
jms,2995
jmw,2996
jmx,2997
jna,2998
jnd,2999
jng,3000
jni,3001
jnj,3002
jnl,3003
jns,3004
job,3005
jod,3006
jog,3007
jor,3008
jos,3009
jow,3010
jpa,3011
jpr,3012
jpx,3013
jqr,3014
jra,3015
jrb,3016
jrr,3017
jrt,3018
jru,3019
jsl,3020
jua,3021
jub,3022
juc,3023
jud,3024
juh,3025
jui,3026
juk,3027
jul,3028
jum,3029
jun,3030
juo,3031
jup,3032
jur,3033
jus,3034
jut,3035
juu,3036
juw,3037
juy,3038
jvd,3039
jvn,3040
jwi,3041
jya,3042
jye,3043
jyy,3044
kaa,3045
kab,3046
kac,3047
kad,3048
kae,3049
kaf,3050
kag,3051
kah,3052
kai,3053
kaj,3054
kak,3055
kam,3056
kao,3057
kap,3058
kaq,3059
kar,3060
kav,3061
kaw,3062
kax,3063
kay,3064
kba,3065
kbb,3066
kbc,3067
kbd,3068
kbe,3069
kbf,3070
kbg,3071
kbh,3072
kbi,3073
kbj,3074
kbk,3075
kbl,3076
kbm,3077
kbn,3078
kbo,3079
kbp,3080
kbq,3081
kbr,3082
kbs,3083
kbt,3084
kbu,3085
kbv,3086
kbw,3087
kbx,3088
kby,3089
kbz,3090
kca,3091
kcb,3092
kcc,3093
kcd,3094
kce,3095
kcf,3096
kcg,3097
kch,3098
kci,3099
kcj,3100
kck,3101
kcl,3102
kcm,3103
kcn,3104
kco,3105
kcp,3106
kcq,3107
kcr,3108
kcs,3109
kct,3110
kcu,3111
kcv,3112
kcw,3113
kcx,3114
kcy,3115
kcz,3116
kda,3117
kdc,3118
kdd,3119
kde,3120
kdf,3121
kdg,3122
kdh,3123
kdi,3124
kdj,3125
kdk,3126
kdl,3127
kdm,3128
kdn,3129
kdo,3130
kdp,3131
kdq,3132
kdr,3133
kdt,3134
kdu,3135
kdv,3136
kdw,3137
kdx,3138
kdy,3139
kdz,3140
kea,3141
keb,3142
kec,3143
ked,3144
kee,3145
kef,3146
keg,3147
keh,3148
kei,3149
kej,3150
kek,3151
kel,3152
kem,3153
ken,3154
keo,3155
kep,3156
keq,3157
ker,3158
kes,3159
ket,3160
keu,3161
kev,3162
kew,3163
kex,3164
key,3165
kez,3166
kfa,3167
kfb,3168
kfc,3169
kfd,3170
kfe,3171
kff,3172
kfg,3173
kfh,3174
kfi,3175
kfj,3176
kfk,3177
kfl,3178
kfm,3179
kfn,3180
kfo,3181
kfp,3182
kfq,3183
kfr,3184
kfs,3185
kft,3186
kfu,3187
kfv,3188
kfw,3189
kfx,3190
kfy,3191
kfz,3192
kga,3193
kgb,3194
kgc,3195
kgd,3196
kge,3197
kgf,3198
kgg,3199
kgh,3200
kgi,3201
kgj,3202
kgk,3203
kgl,3204
kgm,3205
kgn,3206
kgo,3207
kgp,3208
kgq,3209
kgr,3210
kgs,3211
kgt,3212
kgu,3213
kgv,3214
kgw,3215
kgx,3216
kgy,3217
kha,3218
khb,3219
khc,3220
khd,3221
khe,3222
khf,3223
khg,3224
khh,3225
khi,3226
khj,3227
khk,3228
khl,3229
khn,3230
kho,3231
khp,3232
khq,3233
khr,3234
khs,3235
kht,3236
khu,3237
khv,3238
khw,3239
khx,3240
khy,3241
khz,3242
kia,3243
kib,3244
kic,3245
kid,3246
kie,3247
kif,3248
kig,3249
kih,3250
kii,3251
kij,3252
kil,3253
kim,3254
kio,3255
kip,3256
kiq,3257
kis,3258
kit,3259
kiu,3260
kiv,3261
kiw,3262
kix,3263
kiy,3264
kiz,3265
kja,3266
kjb,3267
kjc,3268
kjd,3269
kje,3270
kjf,3271
kjg,3272
kjh,3273
kji,3274
kjj,3275
kjk,3276
kjl,3277
kjm,3278
kjn,3279
kjo,3280
kjp,3281
kjq,3282
kjr,3283
kjs,3284
kjt,3285
kju,3286
kjv,3287
kjx,3288
kjy,3289
kjz,3290
kka,3291
kkb,3292
kkc,3293
kkd,3294
kke,3295
kkf,3296
kkg,3297
kkh,3298
kki,3299
kkj,3300
kkk,3301
kkl,3302
kkm,3303
kkn,3304
kko,3305
kkp,3306
kkq,3307
kkr,3308
kks,3309
kkt,3310
kku,3311
kkv,3312
kkw,3313
kkx,3314
kky,3315
kkz,3316
kla,3317
klb,3318
klc,3319
kld,3320
kle,3321
klf,3322
klg,3323
klh,3324
kli,3325
klj,3326
klk,3327
kll,3328
klm,3329
kln,3330
klo,3331
klp,3332
klq,3333
klr,3334
kls,3335
klt,3336
klu,3337
klv,3338
klw,3339
klx,3340
kly,3341
klz,3342
kma,3343
kmb,3344
kmc,3345
kmd,3346
kme,3347
kmf,3348
kmg,3349
kmh,3350
kmi,3351
kmj,3352
kmk,3353
kml,3354
kmm,3355
kmn,3356
kmo,3357
kmp,3358
kmq,3359
kmr,3360
kms,3361
kmt,3362
kmu,3363
kmv,3364
kmw,3365
kmx,3366
kmy,3367
kmz,3368
kna,3369
knb,3370
knc,3371
knd,3372
kne,3373
knf,3374
kng,3375
kni,3376
knj,3377
knk,3378
knl,3379
knm,3380
knn,3381
kno,3382
knp,3383
knq,3384
knr,3385
kns,3386
knt,3387
knu,3388
knv,3389
knw,3390
knx,3391
kny,3392
knz,3393
koa,3394
koc,3395
kod,3396
koe,3397
kof,3398
kog,3399
koh,3400
koi,3401
koj,3402
kok,3403
kol,3404
koo,3405
kop,3406
koq,3407
kos,3408
kot,3409
kou,3410
kov,3411
kow,3412
kox,3413
koy,3414
koz,3415
kpa,3416
kpb,3417
kpc,3418
kpd,3419
kpe,3420
kpf,3421
kpg,3422
kph,3423
kpi,3424
kpj,3425
kpk,3426
kpl,3427
kpm,3428
kpn,3429
kpo,3430
kpp,3431
kpq,3432
kpr,3433
kps,3434
kpt,3435
kpu,3436
kpv,3437
kpw,3438
kpx,3439
kpy,3440
kpz,3441
kqa,3442
kqb,3443
kqc,3444
kqd,3445
kqe,3446
kqf,3447
kqg,3448
kqh,3449
kqi,3450
kqj,3451
kqk,3452
kql,3453
kqm,3454
kqn,3455
kqo,3456
kqp,3457
kqq,3458
kqr,3459
kqs,3460
kqt,3461
kqu,3462
kqv,3463
kqw,3464
kqx,3465
kqy,3466
kqz,3467
kra,3468
krb,3469
krc,3470
krd,3471
kre,3472
krf,3473
krh,3474
kri,3475
krj,3476
krk,3477
krl,3478
krm,3479
krn,3480
kro,3481
krp,3482
krr,3483
krs,3484
krt,3485
kru,3486
krv,3487
krw,3488
krx,3489
kry,3490
krz,3491
ksa,3492
ksb,3493
ksc,3494
ksd,3495
kse,3496
ksf,3497
ksg,3498
ksh,3499
ksi,3500
ksj,3501
ksk,3502
ksl,3503
ksm,3504
ksn,3505
kso,3506
ksp,3507
ksq,3508
ksr,3509
kss,3510
kst,3511
ksu,3512
ksv,3513
ksw,3514
ksx,3515
ksy,3516
ksz,3517
kta,3518
ktb,3519
ktc,3520
ktd,3521
kte,3522
ktf,3523
ktg,3524
kth,3525
kti,3526
ktj,3527
ktk,3528
ktl,3529
ktm,3530
ktn,3531
kto,3532
ktp,3533
ktq,3534
ktr,3535
kts,3536
ktt,3537
ktu,3538
ktv,3539
ktw,3540
ktx,3541
kty,3542
ktz,3543
kub,3544
kuc,3545
kud,3546
kue,3547
kuf,3548
kug,3549
kuh,3550
kui,3551
kuj,3552
kuk,3553
kul,3554
kum,3555
kun,3556
kuo,3557
kup,3558
kuq,3559
kus,3560
kut,3561
kuu,3562
kuv,3563
kuw,3564
kux,3565
kuy,3566
kuz,3567
kva,3568
kvb,3569
kvc,3570
kvd,3571
kve,3572
kvf,3573
kvg,3574
kvh,3575
kvi,3576
kvj,3577
kvk,3578
kvl,3579
kvm,3580
kvn,3581
kvo,3582
kvp,3583
kvq,3584
kvr,3585
kvs,3586
kvt,3587
kvu,3588
kvv,3589
kvw,3590
kvx,3591
kvy,3592
kvz,3593
kwa,3594
kwb,3595
kwc,3596
kwd,3597
kwe,3598
kwf,3599
kwg,3600
kwh,3601
kwi,3602
kwj,3603
kwk,3604
kwl,3605
kwm,3606
kwn,3607
kwo,3608
kwp,3609
kwq,3610
kwr,3611
kws,3612
kwt,3613
kwu,3614
kwv,3615
kww,3616
kwx,3617
kwy,3618
kwz,3619
kxa,3620
kxb,3621
kxc,3622
kxd,3623
kxe,3624
kxf,3625
kxh,3626
kxi,3627
kxj,3628
kxk,3629
kxl,3630
kxm,3631
kxn,3632
kxo,3633
kxp,3634
kxq,3635
kxr,3636
kxs,3637
kxt,3638
kxu,3639
kxv,3640
kxw,3641
kxx,3642
kxy,3643
kxz,3644
kya,3645
kyb,3646
kyc,3647
kyd,3648
kye,3649
kyf,3650
kyg,3651
kyh,3652
kyi,3653
kyj,3654
kyk,3655
kyl,3656
kym,3657
kyn,3658
kyo,3659
kyp,3660
kyq,3661
kyr,3662
kys,3663
kyt,3664
kyu,3665
kyv,3666
kyw,3667
kyx,3668
kyy,3669
kyz,3670
kza,3671
kzb,3672
kzc,3673
kzd,3674
kze,3675
kzf,3676
kzg,3677
kzh,3678
kzi,3679
kzj,3680
kzk,3681
kzl,3682
kzm,3683
kzn,3684
kzo,3685
kzp,3686
kzq,3687
kzr,3688
kzs,3689
kzt,3690
kzu,3691
kzv,3692
kzw,3693
kzx,3694
kzy,3695
kzz,3696
laa,3697
lab,3698
lac,3699
lad,3700
lae,3701
laf,3702
lag,3703
lah,3704
lai,3705
laj,3706
lak,3707
lal,3708
lam,3709
lan,3710
lap,3711
laq,3712
lar,3713
las,3714
lau,3715
law,3716
lax,3717
lay,3718
laz,3719
lba,3720
lbb,3721
lbc,3722
lbe,3723
lbf,3724
lbg,3725
lbi,3726
lbj,3727
lbk,3728
lbl,3729
lbm,3730
lbn,3731
lbo,3732
lbq,3733
lbr,3734
lbs,3735
lbt,3736
lbu,3737
lbv,3738
lbw,3739
lbx,3740
lby,3741
lbz,3742
lcc,3743
lcd,3744
lce,3745
lcf,3746
lch,3747
lcl,3748
lcm,3749
lcp,3750
lcq,3751
lcs,3752
lda,3753
ldb,3754
ldd,3755
ldg,3756
ldh,3757
ldi,3758
ldj,3759
ldk,3760
ldl,3761
ldm,3762
ldn,3763
ldo,3764
ldp,3765
ldq,3766
lea,3767
leb,3768
lec,3769
led,3770
lee,3771
lef,3772
leg,3773
leh,3774
lei,3775
lej,3776
lek,3777
lel,3778
lem,3779
len,3780
leo,3781
lep,3782
leq,3783
ler,3784
les,3785
let,3786
leu,3787
lev,3788
lew,3789
lex,3790
ley,3791
lez,3792
lfa,3793
lfn,3794
lga,3795
lgb,3796
lgg,3797
lgh,3798
lgi,3799
lgk,3800
lgl,3801
lgm,3802
lgn,3803
lgq,3804
lgr,3805
lgt,3806
lgu,3807
lgz,3808
lha,3809
lhh,3810
lhi,3811
lhl,3812
lhm,3813
lhn,3814
lhp,3815
lhs,3816
lht,3817
lhu,3818
lia,3819
lib,3820
lic,3821
lid,3822
lie,3823
lif,3824
lig,3825
lih,3826
lii,3827
lij,3828
lik,3829
lil,3830
lio,3831
lip,3832
liq,3833
lir,3834
lis,3835
liu,3836
liv,3837
liw,3838
lix,3839
liy,3840
liz,3841
lja,3842
lje,3843
lji,3844
ljl,3845
ljp,3846
ljw,3847
ljx,3848
lka,3849
lkb,3850
lkc,3851
lkd,3852
lke,3853
lkh,3854
lki,3855
lkj,3856
lkl,3857
lkm,3858
lkn,3859
lko,3860
lkr,3861
lks,3862
lkt,3863
lku,3864
lky,3865
lla,3866
llb,3867
llc,3868
lld,3869
lle,3870
llf,3871
llg,3872
llh,3873
lli,3874
llj,3875
llk,3876
lll,3877
llm,3878
lln,3879
llo,3880
llp,3881
llq,3882
lls,3883
llu,3884
llx,3885
lma,3886
lmb,3887
lmc,3888
lmd,3889
lme,3890
lmf,3891
lmg,3892
lmh,3893
lmi,3894
lmj,3895
lmk,3896
lml,3897
lmm,3898
lmn,3899
lmo,3900
lmp,3901
lmq,3902
lmr,3903
lmu,3904
lmv,3905
lmw,3906
lmx,3907
lmy,3908
lmz,3909
lna,3910
lnb,3911
lnd,3912
lng,3913
lnh,3914
lni,3915
lnj,3916
lnl,3917
lnm,3918
lnn,3919
lno,3920
lns,3921
lnu,3922
lnw,3923
lnz,3924
loa,3925
lob,3926
loc,3927
loe,3928
lof,3929
log,3930
loh,3931
loi,3932
loj,3933
lok,3934
lol,3935
lom,3936
lon,3937
loo,3938
lop,3939
loq,3940
lor,3941
los,3942
lot,3943
lou,3944
lov,3945
low,3946
lox,3947
loy,3948
loz,3949
lpa,3950
lpe,3951
lpn,3952
lpo,3953
lpx,3954
lra,3955
lrc,3956
lre,3957
lrg,3958
lri,3959
lrk,3960
lrl,3961
lrm,3962
lrn,3963
lro,3964
lrr,3965
lrt,3966
lrv,3967
lrz,3968
lsa,3969
lsd,3970
lse,3971
lsg,3972
lsh,3973
lsi,3974
lsl,3975
lsm,3976
lsn,3977
lso,3978
lsp,3979
lsr,3980
lss,3981
lst,3982
lsv,3983
lsy,3984
ltc,3985
ltg,3986
lth,3987
lti,3988
ltn,3989
lto,3990
lts,3991
ltu,3992
lua,3993
luc,3994
lud,3995
lue,3996
luf,3997
lui,3998
luj,3999
luk,4000
lul,4001
lum,4002
lun,4003
luo,4004
lup,4005
luq,4006
lur,4007
lus,4008
lut,4009
luu,4010
luv,4011
luw,4012
luy,4013
luz,4014
lva,4015
lvi,4016
lvk,4017
lvs,4018
lvu,4019
lwa,4020
lwe,4021
lwg,4022
lwh,4023
lwl,4024
lwm,4025
lwo,4026
lws,4027
lwt,4028
lwu,4029
lww,4030
lya,4031
lyg,4032
lyn,4033
lzh,4034
lzl,4035
lzn,4036
lzz,4037
maa,4038
mab,4039
mad,4040
mae,4041
maf,4042
mag,4043
mai,4044
maj,4045
mak,4046
mam,4047
man,4048
map,4049
maq,4050
mas,4051
mat,4052
mau,4053
mav,4054
maw,4055
max,4056
maz,4057
mba,4058
mbb,4059
mbc,4060
mbd,4061
mbe,4062
mbf,4063
mbh,4064
mbi,4065
mbj,4066
mbk,4067
mbl,4068
mbm,4069
mbn,4070
mbo,4071
mbp,4072
mbq,4073
mbr,4074
mbs,4075
mbt,4076
mbu,4077
mbv,4078
mbw,4079
mbx,4080
mby,4081
mbz,4082
mca,4083
mcb,4084
mcc,4085
mcd,4086
mce,4087
mcf,4088
mcg,4089
mch,4090
mci,4091
mcj,4092
mck,4093
mcl,4094
mcm,4095
mcn,4096
mco,4097
mcp,4098
mcq,4099
mcr,4100
mcs,4101
mct,4102
mcu,4103
mcv,4104
mcw,4105
mcx,4106
mcy,4107
mcz,4108
mda,4109
mdb,4110
mdc,4111
mdd,4112
mde,4113
mdf,4114
mdg,4115
mdh,4116
mdi,4117
mdj,4118
mdk,4119
mdl,4120
mdm,4121
mdn,4122
mdp,4123
mdq,4124
mdr,4125
mds,4126
mdt,4127
mdu,4128
mdv,4129
mdw,4130
mdx,4131
mdy,4132
mdz,4133
mea,4134
meb,4135
mec,4136
med,4137
mee,4138
mef,4139
meg,4140
meh,4141
mei,4142
mej,4143
mek,4144
mel,4145
mem,4146
men,4147
meo,4148
mep,4149
meq,4150
mer,4151
mes,4152
met,4153
meu,4154
mev,4155
mew,4156
mey,4157
mez,4158
mfa,4159
mfb,4160
mfc,4161
mfd,4162
mfe,4163
mff,4164
mfg,4165
mfh,4166
mfi,4167
mfj,4168
mfk,4169
mfl,4170
mfm,4171
mfn,4172
mfo,4173
mfp,4174
mfq,4175
mfr,4176
mfs,4177
mft,4178
mfu,4179
mfv,4180
mfw,4181
mfx,4182
mfy,4183
mfz,4184
mga,4185
mgb,4186
mgc,4187
mgd,4188
mge,4189
mgf,4190
mgg,4191
mgh,4192
mgi,4193
mgj,4194
mgk,4195
mgl,4196
mgm,4197
mgn,4198
mgo,4199
mgp,4200
mgq,4201
mgr,4202
mgs,4203
mgt,4204
mgu,4205
mgv,4206
mgw,4207
mgx,4208
mgy,4209
mgz,4210
mha,4211
mhb,4212
mhc,4213
mhd,4214
mhe,4215
mhf,4216
mhg,4217
mhh,4218
mhi,4219
mhj,4220
mhk,4221
mhl,4222
mhm,4223
mhn,4224
mho,4225
mhp,4226
mhq,4227
mhr,4228
mhs,4229
mht,4230
mhu,4231
mhw,4232
mhx,4233
mhy,4234
mhz,4235
mia,4236
mib,4237
mic,4238
mid,4239
mie,4240
mif,4241
mig,4242
mih,4243
mii,4244
mij,4245
mik,4246
mil,4247
mim,4248
min,4249
mio,4250
mip,4251
miq,4252
mir,4253
mis,4254
mit,4255
miu,4256
miw,4257
mix,4258
miy,4259
miz,4260
mja,4261
mjb,4262
mjc,4263
mjd,4264
mje,4265
mjg,4266
mjh,4267
mji,4268
mjj,4269
mjk,4270
mjl,4271
mjm,4272
mjn,4273
mjo,4274
mjp,4275
mjq,4276
mjr,4277
mjs,4278
mjt,4279
mju,4280
mjv,4281
mjw,4282
mjx,4283
mjy,4284
mjz,4285
mka,4286
mkb,4287
mkc,4288
mke,4289
mkf,4290
mkg,4291
mkh,4292
mki,4293
mkj,4294
mkk,4295
mkl,4296
mkm,4297
mkn,4298
mko,4299
mkp,4300
mkq,4301
mkr,4302
mks,4303
mkt,4304
mku,4305
mkv,4306
mkw,4307
mkx,4308
mky,4309
mkz,4310
mla,4311
mlb,4312
mlc,4313
mld,4314
mle,4315
mlf,4316
mlh,4317
mli,4318
mlj,4319
mlk,4320
mll,4321
mlm,4322
mln,4323
mlo,4324
mlp,4325
mlq,4326
mlr,4327
mls,4328
mlu,4329
mlv,4330
mlw,4331
mlx,4332
mlz,4333
mma,4334
mmb,4335
mmc,4336
mmd,4337
mme,4338
mmf,4339
mmg,4340
mmh,4341
mmi,4342
mmj,4343
mmk,4344
mml,4345
mmm,4346
mmn,4347
mmo,4348
mmp,4349
mmq,4350
mmr,4351
mmt,4352
mmu,4353
mmv,4354
mmw,4355
mmx,4356
mmy,4357
mmz,4358
mna,4359
mnb,4360
mnc,4361
mnd,4362
mne,4363
mnf,4364
mng,4365
mnh,4366
mni,4367
mnj,4368
mnk,4369
mnl,4370
mnm,4371
mnn,4372
mno,4373
mnp,4374
mnq,4375
mnr,4376
mns,4377
mnt,4378
mnu,4379
mnv,4380
mnw,4381
mnx,4382
mny,4383
mnz,4384
moa,4385
moc,4386
mod,4387
moe,4388
mof,4389
mog,4390
moh,4391
moi,4392
moj,4393
mok,4394
mom,4395
moo,4396
mop,4397
moq,4398
mor,4399
mos,4400
mot,4401
mou,4402
mov,4403
mow,4404
mox,4405
moy,4406
moz,4407
mpa,4408
mpb,4409
mpc,4410
mpd,4411
mpe,4412
mpg,4413
mph,4414
mpi,4415
mpj,4416
mpk,4417
mpl,4418
mpm,4419
mpn,4420
mpo,4421
mpp,4422
mpq,4423
mpr,4424
mps,4425
mpt,4426
mpu,4427
mpv,4428
mpw,4429
mpx,4430
mpy,4431
mpz,4432
mqa,4433
mqb,4434
mqc,4435
mqe,4436
mqf,4437
mqg,4438
mqh,4439
mqi,4440
mqj,4441
mqk,4442
mql,4443
mqm,4444
mqn,4445
mqo,4446
mqp,4447
mqq,4448
mqr,4449
mqs,4450
mqt,4451
mqu,4452
mqv,4453
mqw,4454
mqx,4455
mqy,4456
mqz,4457
mra,4458
mrb,4459
mrc,4460
mrd,4461
mre,4462
mrf,4463
mrg,4464
mrh,4465
mrj,4466
mrk,4467
mrl,4468
mrm,4469
mrn,4470
mro,4471
mrp,4472
mrq,4473
mrr,4474
mrs,4475
mrt,4476
mru,4477
mrv,4478
mrw,4479
mrx,4480
mry,4481
mrz,4482
msb,4483
msc,4484
msd,4485
mse,4486
msf,4487
msg,4488
msh,4489
msi,4490
msj,4491
msk,4492
msl,4493
msm,4494
msn,4495
mso,4496
msp,4497
msq,4498
msr,4499
mss,4500
mst,4501
msu,4502
msv,4503
msw,4504
msx,4505
msy,4506
msz,4507
mta,4508
mtb,4509
mtc,4510
mtd,4511
mte,4512
mtf,4513
mtg,4514
mth,4515
mti,4516
mtj,4517
mtk,4518
mtl,4519
mtm,4520
mtn,4521
mto,4522
mtp,4523
mtq,4524
mtr,4525
mts,4526
mtt,4527
mtu,4528
mtv,4529
mtw,4530
mtx,4531
mty,4532
mua,4533
mub,4534
muc,4535
mud,4536
mue,4537
mug,4538
muh,4539
mui,4540
muj,4541
muk,4542
mul,4543
mum,4544
mun,4545
muo,4546
mup,4547
muq,4548
mur,4549
mus,4550
mut,4551
muu,4552
muv,4553
mux,4554
muy,4555
muz,4556
mva,4557
mvb,4558
mvd,4559
mve,4560
mvf,4561
mvg,4562
mvh,4563
mvi,4564
mvk,4565
mvl,4566
mvm,4567
mvn,4568
mvo,4569
mvp,4570
mvq,4571
mvr,4572
mvs,4573
mvt,4574
mvu,4575
mvv,4576
mvw,4577
mvx,4578
mvy,4579
mvz,4580
mwa,4581
mwb,4582
mwc,4583
mwd,4584
mwe,4585
mwf,4586
mwg,4587
mwh,4588
mwi,4589
mwj,4590
mwk,4591
mwl,4592
mwm,4593
mwn,4594
mwo,4595
mwp,4596
mwq,4597
mwr,4598
mws,4599
mwt,4600
mwu,4601
mwv,4602
mww,4603
mwx,4604
mwy,4605
mwz,4606
mxa,4607
mxb,4608
mxc,4609
mxd,4610
mxe,4611
mxf,4612
mxg,4613
mxh,4614
mxi,4615
mxj,4616
mxk,4617
mxl,4618
mxm,4619
mxn,4620
mxo,4621
mxp,4622
mxq,4623
mxr,4624
mxs,4625
mxt,4626
mxu,4627
mxv,4628
mxw,4629
mxx,4630
mxy,4631
mxz,4632
myb,4633
myc,4634
myd,4635
mye,4636
myf,4637
myg,4638
myh,4639
myi,4640
myj,4641
myk,4642
myl,4643
mym,4644
myn,4645
myo,4646
myp,4647
myq,4648
myr,4649
mys,4650
myt,4651
myu,4652
myv,4653
myw,4654
myx,4655
myy,4656
myz,4657
mza,4658
mzb,4659
mzc,4660
mzd,4661
mze,4662
mzg,4663
mzh,4664
mzi,4665
mzj,4666
mzk,4667
mzl,4668
mzm,4669
mzn,4670
mzo,4671
mzp,4672
mzq,4673
mzr,4674
mzs,4675
mzt,4676
mzu,4677
mzv,4678
mzw,4679
mzx,4680
mzy,4681
mzz,4682
naa,4683
nab,4684
nac,4685
nad,4686
nae,4687
naf,4688
nag,4689
nah,4690
nai,4691
naj,4692
nak,4693
nal,4694
nam,4695
nan,4696
nao,4697
nap,4698
naq,4699
nar,4700
nas,4701
nat,4702
naw,4703
nax,4704
nay,4705
naz,4706
nba,4707
nbb,4708
nbc,4709
nbd,4710
nbe,4711
nbf,4712
nbg,4713
nbh,4714
nbi,4715
nbj,4716
nbk,4717
nbm,4718
nbn,4719
nbo,4720
nbp,4721
nbq,4722
nbr,4723
nbs,4724
nbt,4725
nbu,4726
nbv,4727
nbw,4728
nbx,4729
nby,4730
nca,4731
ncb,4732
ncc,4733
ncd,4734
nce,4735
ncf,4736
ncg,4737
nch,4738
nci,4739
ncj,4740
nck,4741
ncl,4742
ncm,4743
ncn,4744
nco,4745
ncp,4746
ncq,4747
ncr,4748
ncs,4749
nct,4750
ncu,4751
ncx,4752
ncz,4753
nda,4754
ndb,4755
ndc,4756
ndd,4757
ndf,4758
ndg,4759
ndh,4760
ndi,4761
ndj,4762
ndk,4763
ndl,4764
ndm,4765
ndn,4766
ndp,4767
ndq,4768
ndr,4769
nds,4770
ndt,4771
ndu,4772
ndv,4773
ndw,4774
ndx,4775
ndy,4776
ndz,4777
nea,4778
neb,4779
nec,4780
ned,4781
nee,4782
nef,4783
neg,4784
neh,4785
nei,4786
nej,4787
nek,4788
nem,4789
nen,4790
neo,4791
neq,4792
ner,4793
nes,4794
net,4795
neu,4796
nev,4797
new,4798
nex,4799
ney,4800
nez,4801
nfa,4802
nfd,4803
nfl,4804
nfr,4805
nfu,4806
nga,4807
ngb,4808
ngc,4809
ngd,4810
nge,4811
ngf,4812
ngg,4813
ngh,4814
ngi,4815
ngj,4816
ngk,4817
ngl,4818
ngm,4819
ngn,4820
ngo,4821
ngp,4822
ngq,4823
ngr,4824
ngs,4825
ngt,4826
ngu,4827
ngv,4828
ngw,4829
ngx,4830
ngy,4831
ngz,4832
nha,4833
nhb,4834
nhc,4835
nhd,4836
nhe,4837
nhf,4838
nhg,4839
nhh,4840
nhi,4841
nhk,4842
nhm,4843
nhn,4844
nho,4845
nhp,4846
nhq,4847
nhr,4848
nht,4849
nhu,4850
nhv,4851
nhw,4852
nhx,4853
nhy,4854
nhz,4855
nia,4856
nib,4857
nic,4858
nid,4859
nie,4860
nif,4861
nig,4862
nih,4863
nii,4864
nij,4865
nik,4866
nil,4867
nim,4868
nin,4869
nio,4870
niq,4871
nir,4872
nis,4873
nit,4874
niu,4875
niv,4876
niw,4877
nix,4878
niy,4879
niz,4880
nja,4881
njb,4882
njd,4883
njh,4884
nji,4885
njj,4886
njl,4887
njm,4888
njn,4889
njo,4890
njr,4891
njs,4892
njt,4893
nju,4894
njx,4895
njy,4896
njz,4897
nka,4898
nkb,4899
nkc,4900
nkd,4901
nke,4902
nkf,4903
nkg,4904
nkh,4905
nki,4906
nkj,4907
nkk,4908
nkm,4909
nkn,4910
nko,4911
nkp,4912
nkq,4913
nkr,4914
nks,4915
nkt,4916
nku,4917
nkv,4918
nkw,4919
nkx,4920
nkz,4921
nla,4922
nlc,4923
nle,4924
nlg,4925
nli,4926
nlj,4927
nlk,4928
nll,4929
nlm,4930
nln,4931
nlo,4932
nlq,4933
nlr,4934
nlu,4935
nlv,4936
nlw,4937
nlx,4938
nly,4939
nlz,4940
nma,4941
nmb,4942
nmc,4943
nmd,4944
nme,4945
nmf,4946
nmg,4947
nmh,4948
nmi,4949
nmj,4950
nmk,4951
nml,4952
nmm,4953
nmn,4954
nmo,4955
nmp,4956
nmq,4957
nmr,4958
nms,4959
nmt,4960
nmu,4961
nmv,4962
nmw,4963
nmx,4964
nmy,4965
nmz,4966
nna,4967
nnb,4968
nnc,4969
nnd,4970
nne,4971
nnf,4972
nng,4973
nnh,4974
nni,4975
nnj,4976
nnk,4977
nnl,4978
nnm,4979
nnn,4980
nnp,4981
nnq,4982
nnr,4983
nns,4984
nnt,4985
nnu,4986
nnv,4987
nnw,4988
nnx,4989
nny,4990
nnz,4991
noa,4992
noc,4993
nod,4994
noe,4995
nof,4996
nog,4997
noh,4998
noi,4999
noj,5000
nok,5001
nol,5002
nom,5003
non,5004
noo,5005
nop,5006
noq,5007
nos,5008
not,5009
nou,5010
nov,5011
now,5012
noy,5013
noz,5014
npa,5015
npb,5016
npg,5017
nph,5018
npi,5019
npl,5020
npn,5021
npo,5022
nps,5023
npu,5024
npx,5025
npy,5026
nqg,5027
nqk,5028
nql,5029
nqm,5030
nqn,5031
nqo,5032
nqq,5033
nqy,5034
nra,5035
nrb,5036
nrc,5037
nre,5038
nrf,5039
nrg,5040
nri,5041
nrk,5042
nrl,5043
nrm,5044
nrn,5045
nrp,5046
nrr,5047
nrt,5048
nru,5049
nrx,5050
nrz,5051
nsa,5052
nsc,5053
nsd,5054
nse,5055
nsf,5056
nsg,5057
nsh,5058
nsi,5059
nsk,5060
nsl,5061
nsm,5062
nsn,5063
nso,5064
nsp,5065
nsq,5066
nsr,5067
nss,5068
nst,5069
nsu,5070
nsv,5071
nsw,5072
nsx,5073
nsy,5074
nsz,5075
ntd,5076
nte,5077
ntg,5078
nti,5079
ntj,5080
ntk,5081
ntm,5082
nto,5083
ntp,5084
ntr,5085
nts,5086
ntu,5087
ntw,5088
ntx,5089
nty,5090
ntz,5091
nua,5092
nub,5093
nuc,5094
nud,5095
nue,5096
nuf,5097
nug,5098
nuh,5099
nui,5100
nuj,5101
nuk,5102
nul,5103
num,5104
nun,5105
nuo,5106
nup,5107
nuq,5108
nur,5109
nus,5110
nut,5111
nuu,5112
nuv,5113
nuw,5114
nux,5115
nuy,5116
nuz,5117
nvh,5118
nvm,5119
nvo,5120
nwa,5121
nwb,5122
nwc,5123
nwe,5124
nwg,5125
nwi,5126
nwm,5127
nwo,5128
nwr,5129
nwx,5130
nwy,5131
nxa,5132
nxd,5133
nxe,5134
nxg,5135
nxi,5136
nxk,5137
nxl,5138
nxm,5139
nxn,5140
nxo,5141
nxq,5142
nxr,5143
nxu,5144
nxx,5145
nyb,5146
nyc,5147
nyd,5148
nye,5149
nyf,5150
nyg,5151
nyh,5152
nyi,5153
nyj,5154
nyk,5155
nyl,5156
nym,5157
nyn,5158
nyo,5159
nyp,5160
nyq,5161
nyr,5162
nys,5163
nyt,5164
nyu,5165
nyv,5166
nyw,5167
nyx,5168
nyy,5169
nza,5170
nzb,5171
nzd,5172
nzi,5173
nzk,5174
nzm,5175
nzs,5176
nzu,5177
nzy,5178
nzz,5179
oaa,5180
oac,5181
oar,5182
oav,5183
obi,5184
obk,5185
obl,5186
obm,5187
obo,5188
obr,5189
obt,5190
obu,5191
oca,5192
och,5193
oco,5194
ocu,5195
oda,5196
odk,5197
odt,5198
odu,5199
ofo,5200
ofs,5201
ofu,5202
ogb,5203
ogc,5204
oge,5205
ogg,5206
ogo,5207
ogu,5208
oht,5209
ohu,5210
oia,5211
oin,5212
ojb,5213
ojc,5214
ojg,5215
ojp,5216
ojs,5217
ojv,5218
ojw,5219
oka,5220
okb,5221
okd,5222
oke,5223
okg,5224
okh,5225
oki,5226
okj,5227
okk,5228
okl,5229
okm,5230
okn,5231
oko,5232
okr,5233
oks,5234
oku,5235
okv,5236
okx,5237
ola,5238
old,5239
ole,5240
olk,5241
olm,5242
olo,5243
olr,5244
olt,5245
olu,5246
oma,5247
omb,5248
omc,5249
ome,5250
omg,5251
omi,5252
omk,5253
oml,5254
omn,5255
omo,5256
omp,5257
omq,5258
omr,5259
omt,5260
omu,5261
omv,5262
omw,5263
omx,5264
ona,5265
onb,5266
one,5267
ong,5268
oni,5269
onj,5270
onk,5271
onn,5272
ono,5273
onp,5274
onr,5275
ons,5276
ont,5277
onu,5278
onw,5279
onx,5280
ood,5281
oog,5282
oon,5283
oor,5284
oos,5285
opa,5286
opk,5287
opm,5288
opo,5289
opt,5290
opy,5291
ora,5292
orc,5293
ore,5294
org,5295
orh,5296
orn,5297
oro,5298
orr,5299
ors,5300
ort,5301
oru,5302
orv,5303
orw,5304
orx,5305
ory,5306
orz,5307
osa,5308
osc,5309
osi,5310
oso,5311
osp,5312
ost,5313
osu,5314
osx,5315
ota,5316
otb,5317
otd,5318
ote,5319
oti,5320
otk,5321
otl,5322
otm,5323
otn,5324
oto,5325
otq,5326
otr,5327
ots,5328
ott,5329
otu,5330
otw,5331
otx,5332
oty,5333
otz,5334
oua,5335
oub,5336
oue,5337
oui,5338
oum,5339
oun,5340
ovd,5341
owi,5342
owl,5343
oyb,5344
oyd,5345
oym,5346
oyy,5347
ozm,5348
paa,5349
pab,5350
pac,5351
pad,5352
pae,5353
paf,5354
pag,5355
pah,5356
pai,5357
pak,5358
pal,5359
pam,5360
pao,5361
pap,5362
paq,5363
par,5364
pas,5365
pat,5366
pau,5367
pav,5368
paw,5369
pax,5370
pay,5371
paz,5372
pbb,5373
pbc,5374
pbe,5375
pbf,5376
pbg,5377
pbh,5378
pbi,5379
pbl,5380
pbm,5381
pbn,5382
pbo,5383
pbp,5384
pbr,5385
pbs,5386
pbt,5387
pbu,5388
pbv,5389
pby,5390
pbz,5391
pca,5392
pcb,5393
pcc,5394
pcd,5395
pce,5396
pcf,5397
pcg,5398
pch,5399
pci,5400
pcj,5401
pck,5402
pcl,5403
pcm,5404
pcn,5405
pcp,5406
pcr,5407
pcw,5408
pda,5409
pdc,5410
pdi,5411
pdn,5412
pdo,5413
pdt,5414
pdu,5415
pea,5416
peb,5417
ped,5418
pee,5419
pef,5420
peg,5421
peh,5422
pei,5423
pej,5424
pek,5425
pel,5426
pem,5427
peo,5428
pep,5429
peq,5430
pes,5431
pev,5432
pex,5433
pey,5434
pez,5435
pfa,5436
pfe,5437
pfl,5438
pga,5439
pgd,5440
pgg,5441
pgi,5442
pgk,5443
pgl,5444
pgn,5445
pgs,5446
pgu,5447
pgy,5448
pgz,5449
pha,5450
phd,5451
phg,5452
phh,5453
phi,5454
phk,5455
phl,5456
phm,5457
phn,5458
pho,5459
phq,5460
phr,5461
pht,5462
phu,5463
phv,5464
phw,5465
pia,5466
pib,5467
pic,5468
pid,5469
pie,5470
pif,5471
pig,5472
pih,5473
pii,5474
pij,5475
pil,5476
pim,5477
pin,5478
pio,5479
pip,5480
pir,5481
pis,5482
pit,5483
piu,5484
piv,5485
piw,5486
pix,5487
piy,5488
piz,5489
pjt,5490
pka,5491
pkb,5492
pkc,5493
pkg,5494
pkh,5495
pkn,5496
pko,5497
pkp,5498
pkr,5499
pks,5500
pkt,5501
pku,5502
pla,5503
plb,5504
plc,5505
pld,5506
ple,5507
plf,5508
plg,5509
plh,5510
plj,5511
plk,5512
pll,5513
pln,5514
plo,5515
plp,5516
plq,5517
plr,5518
pls,5519
plt,5520
plu,5521
plv,5522
plw,5523
ply,5524
plz,5525
pma,5526
pmb,5527
pmc,5528
pmd,5529
pme,5530
pmf,5531
pmh,5532
pmi,5533
pmj,5534
pmk,5535
pml,5536
pmm,5537
pmn,5538
pmo,5539
pmq,5540
pmr,5541
pms,5542
pmt,5543
pmu,5544
pmw,5545
pmx,5546
pmy,5547
pmz,5548
pna,5549
pnb,5550
pnc,5551
pnd,5552
pne,5553
png,5554
pnh,5555
pni,5556
pnj,5557
pnk,5558
pnl,5559
pnm,5560
pnn,5561
pno,5562
pnp,5563
pnq,5564
pnr,5565
pns,5566
pnt,5567
pnu,5568
pnv,5569
pnw,5570
pnx,5571
pny,5572
pnz,5573
poc,5574
pod,5575
poe,5576
pof,5577
pog,5578
poh,5579
poi,5580
pok,5581
pom,5582
pon,5583
poo,5584
pop,5585
poq,5586
pos,5587
pot,5588
pov,5589
pow,5590
pox,5591
poy,5592
poz,5593
ppa,5594
ppe,5595
ppi,5596
ppk,5597
ppl,5598
ppm,5599
ppn,5600
ppo,5601
ppp,5602
ppq,5603
ppr,5604
pps,5605
ppt,5606
ppu,5607
pqa,5608
pqe,5609
pqm,5610
pqw,5611
pra,5612
prb,5613
prc,5614
prd,5615
pre,5616
prf,5617
prg,5618
prh,5619
pri,5620
prk,5621
prl,5622
prm,5623
prn,5624
pro,5625
prp,5626
prq,5627
prr,5628
prs,5629
prt,5630
pru,5631
prw,5632
prx,5633
pry,5634
prz,5635
psa,5636
psc,5637
psd,5638
pse,5639
psg,5640
psh,5641
psi,5642
psl,5643
psm,5644
psn,5645
pso,5646
psp,5647
psq,5648
psr,5649
pss,5650
pst,5651
psu,5652
psw,5653
psy,5654
pta,5655
pth,5656
pti,5657
ptn,5658
pto,5659
ptp,5660
ptq,5661
ptr,5662
ptt,5663
ptu,5664
ptv,5665
ptw,5666
pty,5667
pua,5668
pub,5669
puc,5670
pud,5671
pue,5672
puf,5673
pug,5674
pui,5675
puj,5676
puk,5677
pum,5678
puo,5679
pup,5680
puq,5681
pur,5682
put,5683
puu,5684
puw,5685
pux,5686
puy,5687
puz,5688
pwa,5689
pwb,5690
pwg,5691
pwi,5692
pwm,5693
pwn,5694
pwo,5695
pwr,5696
pww,5697
pxm,5698
pye,5699
pym,5700
pyn,5701
pys,5702
pyu,5703
pyx,5704
pyy,5705
pzn,5706
qua,5707
qub,5708
quc,5709
qud,5710
quf,5711
qug,5712
quh,5713
qui,5714
quk,5715
qul,5716
qum,5717
qun,5718
qup,5719
quq,5720
qur,5721
qus,5722
quv,5723
quw,5724
qux,5725
quy,5726
quz,5727
qva,5728
qvc,5729
qve,5730
qvh,5731
qvi,5732
qvj,5733
qvl,5734
qvm,5735
qvn,5736
qvo,5737
qvp,5738
qvs,5739
qvw,5740
qvy,5741
qvz,5742
qwa,5743
qwc,5744
qwe,5745
qwh,5746
qwm,5747
qws,5748
qwt,5749
qxa,5750
qxc,5751
qxh,5752
qxl,5753
qxn,5754
qxo,5755
qxp,5756
qxq,5757
qxr,5758
qxs,5759
qxt,5760
qxu,5761
qxw,5762
qya,5763
qyp,5764
raa,5765
rab,5766
rac,5767
rad,5768
raf,5769
rag,5770
rah,5771
rai,5772
raj,5773
rak,5774
ral,5775
ram,5776
ran,5777
rao,5778
rap,5779
raq,5780
rar,5781
ras,5782
rat,5783
rau,5784
rav,5785
raw,5786
rax,5787
ray,5788
raz,5789
rbb,5790
rbk,5791
rbl,5792
rbp,5793
rcf,5794
rdb,5795
rea,5796
reb,5797
ree,5798
reg,5799
rei,5800
rej,5801
rel,5802
rem,5803
ren,5804
rer,5805
res,5806
ret,5807
rey,5808
rga,5809
rge,5810
rgk,5811
rgn,5812
rgr,5813
rgs,5814
rgu,5815
rhg,5816
rhp,5817
ria,5818
rie,5819
rif,5820
ril,5821
rim,5822
rin,5823
rir,5824
rit,5825
riu,5826
rjg,5827
rji,5828
rjs,5829
rka,5830
rkb,5831
rkh,5832
rki,5833
rkm,5834
rkt,5835
rkw,5836
rma,5837
rmb,5838
rmc,5839
rmd,5840
rme,5841
rmf,5842
rmg,5843
rmh,5844
rmi,5845
rmk,5846
rml,5847
rmm,5848
rmn,5849
rmo,5850
rmp,5851
rmq,5852
rmr,5853
rms,5854
rmt,5855
rmu,5856
rmv,5857
rmw,5858
rmx,5859
rmy,5860
rmz,5861
rna,5862
rnd,5863
rng,5864
rnl,5865
rnn,5866
rnp,5867
rnr,5868
rnw,5869
roa,5870
rob,5871
roc,5872
rod,5873
roe,5874
rof,5875
rog,5876
rol,5877
rom,5878
roo,5879
rop,5880
ror,5881
rou,5882
row,5883
rpn,5884
rpt,5885
rri,5886
rro,5887
rrt,5888
rsb,5889
rsi,5890
rsl,5891
rsm,5892
rtc,5893
rth,5894
rtm,5895
rts,5896
rtw,5897
rub,5898
ruc,5899
rue,5900
ruf,5901
rug,5902
ruh,5903
rui,5904
ruk,5905
ruo,5906
rup,5907
ruq,5908
rut,5909
ruu,5910
ruy,5911
ruz,5912
rwa,5913
rwk,5914
rwm,5915
rwo,5916
rwr,5917
rxd,5918
rxw,5919
ryn,5920
rys,5921
ryu,5922
rzh,5923
saa,5924
sab,5925
sac,5926
sad,5927
sae,5928
saf,5929
sah,5930
sai,5931
saj,5932
sak,5933
sal,5934
sam,5935
sao,5936
sap,5937
saq,5938
sar,5939
sas,5940
sat,5941
sau,5942
sav,5943
saw,5944
sax,5945
say,5946
saz,5947
sba,5948
sbb,5949
sbc,5950
sbd,5951
sbe,5952
sbf,5953
sbg,5954
sbh,5955
sbi,5956
sbj,5957
sbk,5958
sbl,5959
sbm,5960
sbn,5961
sbo,5962
sbp,5963
sbq,5964
sbr,5965
sbs,5966
sbt,5967
sbu,5968
sbv,5969
sbw,5970
sbx,5971
sby,5972
sbz,5973
sca,5974
scb,5975
sce,5976
scf,5977
scg,5978
sch,5979
sci,5980
sck,5981
scl,5982
scn,5983
sco,5984
scp,5985
scq,5986
scs,5987
sct,5988
scu,5989
scv,5990
scw,5991
scx,5992
sda,5993
sdb,5994
sdc,5995
sde,5996
sdf,5997
sdg,5998
sdh,5999
sdj,6000
sdk,6001
sdl,6002
sdm,6003
sdn,6004
sdo,6005
sdp,6006
sdr,6007
sds,6008
sdt,6009
sdu,6010
sdv,6011
sdx,6012
sdz,6013
sea,6014
seb,6015
sec,6016
sed,6017
see,6018
sef,6019
seg,6020
seh,6021
sei,6022
sej,6023
sek,6024
sel,6025
sem,6026
sen,6027
seo,6028
sep,6029
seq,6030
ser,6031
ses,6032
set,6033
seu,6034
sev,6035
sew,6036
sey,6037
sez,6038
sfb,6039
sfe,6040
sfm,6041
sfs,6042
sfw,6043
sga,6044
sgb,6045
sgc,6046
sgd,6047
sge,6048
sgg,6049
sgh,6050
sgi,6051
sgj,6052
sgk,6053
sgl,6054
sgm,6055
sgn,6056
sgo,6057
sgp,6058
sgr,6059
sgs,6060
sgt,6061
sgu,6062
sgw,6063
sgx,6064
sgy,6065
sgz,6066
sha,6067
shb,6068
shc,6069
shd,6070
she,6071
shg,6072
shh,6073
shi,6074
shj,6075
shk,6076
shl,6077
shm,6078
shn,6079
sho,6080
shp,6081
shq,6082
shr,6083
shs,6084
sht,6085
shu,6086
shv,6087
shw,6088
shx,6089
shy,6090
shz,6091
sia,6092
sib,6093
sid,6094
sie,6095
sif,6096
sig,6097
sih,6098
sii,6099
sij,6100
sik,6101
sil,6102
sim,6103
sio,6104
sip,6105
siq,6106
sir,6107
sis,6108
sit,6109
siu,6110
siv,6111
siw,6112
six,6113
siy,6114
siz,6115
sja,6116
sjb,6117
sjd,6118
sje,6119
sjg,6120
sjk,6121
sjl,6122
sjm,6123
sjn,6124
sjo,6125
sjp,6126
sjr,6127
sjs,6128
sjt,6129
sju,6130
sjw,6131
ska,6132
skb,6133
skc,6134
skd,6135
ske,6136
skf,6137
skg,6138
skh,6139
ski,6140
skj,6141
skk,6142
skm,6143
skn,6144
sko,6145
skp,6146
skq,6147
skr,6148
sks,6149
skt,6150
sku,6151
skv,6152
skw,6153
skx,6154
sky,6155
skz,6156
sla,6157
slc,6158
sld,6159
sle,6160
slf,6161
slg,6162
slh,6163
sli,6164
slj,6165
sll,6166
slm,6167
sln,6168
slp,6169
slq,6170
slr,6171
sls,6172
slt,6173
slu,6174
slw,6175
slx,6176
sly,6177
slz,6178
sma,6179
smb,6180
smc,6181
smd,6182
smf,6183
smg,6184
smh,6185
smi,6186
smj,6187
smk,6188
sml,6189
smm,6190
smn,6191
smp,6192
smq,6193
smr,6194
sms,6195
smt,6196
smu,6197
smv,6198
smw,6199
smx,6200
smy,6201
smz,6202
snb,6203
snc,6204
sne,6205
snf,6206
sng,6207
snh,6208
sni,6209
snj,6210
snk,6211
snl,6212
snm,6213
snn,6214
sno,6215
snp,6216
snq,6217
snr,6218
sns,6219
snu,6220
snv,6221
snw,6222
snx,6223
sny,6224
snz,6225
soa,6226
sob,6227
soc,6228
sod,6229
soe,6230
sog,6231
soh,6232
soi,6233
soj,6234
sok,6235
sol,6236
son,6237
soo,6238
sop,6239
soq,6240
sor,6241
sos,6242
sou,6243
sov,6244
sow,6245
sox,6246
soy,6247
soz,6248
spb,6249
spc,6250
spd,6251
spe,6252
spg,6253
spi,6254
spk,6255
spl,6256
spm,6257
spn,6258
spo,6259
spp,6260
spq,6261
spr,6262
sps,6263
spt,6264
spu,6265
spv,6266
spx,6267
spy,6268
sqa,6269
sqh,6270
sqj,6271
sqk,6272
sqm,6273
sqn,6274
sqo,6275
sqq,6276
sqr,6277
sqs,6278
sqt,6279
squ,6280
sra,6281
srb,6282
src,6283
sre,6284
srf,6285
srg,6286
srh,6287
sri,6288
srk,6289
srl,6290
srm,6291
srn,6292
sro,6293
srq,6294
srr,6295
srs,6296
srt,6297
sru,6298
srv,6299
srw,6300
srx,6301
sry,6302
srz,6303
ssa,6304
ssb,6305
ssc,6306
ssd,6307
sse,6308
ssf,6309
ssg,6310
ssh,6311
ssi,6312
ssj,6313
ssk,6314
ssl,6315
ssm,6316
ssn,6317
sso,6318
ssp,6319
ssq,6320
ssr,6321
sss,6322
sst,6323
ssu,6324
ssv,6325
ssx,6326
ssy,6327
ssz,6328
sta,6329
stb,6330
std,6331
ste,6332
stf,6333
stg,6334
sth,6335
sti,6336
stj,6337
stk,6338
stl,6339
stm,6340
stn,6341
sto,6342
stp,6343
stq,6344
str,6345
sts,6346
stt,6347
stu,6348
stv,6349
stw,6350
sty,6351
sua,6352
sub,6353
suc,6354
sue,6355
sug,6356
sui,6357
suj,6358
suk,6359
sul,6360
sum,6361
suq,6362
sur,6363
sus,6364
sut,6365
suv,6366
suw,6367
sux,6368
suy,6369
suz,6370
sva,6371
svb,6372
svc,6373
sve,6374
svk,6375
svm,6376
svr,6377
svs,6378
svx,6379
swb,6380
swc,6381
swf,6382
swg,6383
swh,6384
swi,6385
swj,6386
swk,6387
swl,6388
swm,6389
swn,6390
swo,6391
swp,6392
swq,6393
swr,6394
sws,6395
swt,6396
swu,6397
swv,6398
sww,6399
swx,6400
swy,6401
sxb,6402
sxc,6403
sxe,6404
sxg,6405
sxk,6406
sxl,6407
sxm,6408
sxn,6409
sxo,6410
sxr,6411
sxs,6412
sxu,6413
sxw,6414
sya,6415
syb,6416
syc,6417
syd,6418
syi,6419
syk,6420
syl,6421
sym,6422
syn,6423
syo,6424
syr,6425
sys,6426
syw,6427
syx,6428
syy,6429
sza,6430
szb,6431
szc,6432
szd,6433
sze,6434
szg,6435
szl,6436
szn,6437
szp,6438
szs,6439
szv,6440
szw,6441
szy,6442
taa,6443
tab,6444
tac,6445
tad,6446
tae,6447
taf,6448
tag,6449
tai,6450
taj,6451
tak,6452
tal,6453
tan,6454
tao,6455
tap,6456
taq,6457
tar,6458
tas,6459
tau,6460
tav,6461
taw,6462
tax,6463
tay,6464
taz,6465
tba,6466
tbb,6467
tbc,6468
tbd,6469
tbe,6470
tbf,6471
tbg,6472
tbh,6473
tbi,6474
tbj,6475
tbk,6476
tbl,6477
tbm,6478
tbn,6479
tbo,6480
tbp,6481
tbq,6482
tbr,6483
tbs,6484
tbt,6485
tbu,6486
tbv,6487
tbw,6488
tbx,6489
tby,6490
tbz,6491
tca,6492
tcb,6493
tcc,6494
tcd,6495
tce,6496
tcf,6497
tcg,6498
tch,6499
tci,6500
tck,6501
tcl,6502
tcm,6503
tcn,6504
tco,6505
tcp,6506
tcq,6507
tcs,6508
tct,6509
tcu,6510
tcw,6511
tcx,6512
tcy,6513
tcz,6514
tda,6515
tdb,6516
tdc,6517
tdd,6518
tde,6519
tdf,6520
tdg,6521
tdh,6522
tdi,6523
tdj,6524
tdk,6525
tdl,6526
tdm,6527
tdn,6528
tdo,6529
tdq,6530
tdr,6531
tds,6532
tdt,6533
tdu,6534
tdv,6535
tdx,6536
tdy,6537
tea,6538
teb,6539
tec,6540
ted,6541
tee,6542
tef,6543
teg,6544
teh,6545
tei,6546
tek,6547
tem,6548
ten,6549
teo,6550
tep,6551
teq,6552
ter,6553
tes,6554
tet,6555
teu,6556
tev,6557
tew,6558
tex,6559
tey,6560
tez,6561
tfi,6562
tfn,6563
tfo,6564
tfr,6565
tft,6566
tga,6567
tgb,6568
tgc,6569
tgd,6570
tge,6571
tgf,6572
tgg,6573
tgh,6574
tgi,6575
tgj,6576
tgn,6577
tgo,6578
tgp,6579
tgq,6580
tgr,6581
tgs,6582
tgt,6583
tgu,6584
tgv,6585
tgw,6586
tgx,6587
tgy,6588
tgz,6589
thc,6590
thd,6591
the,6592
thf,6593
thh,6594
thi,6595
thk,6596
thl,6597
thm,6598
thn,6599
thp,6600
thq,6601
thr,6602
ths,6603
tht,6604
thu,6605
thv,6606
thw,6607
thx,6608
thy,6609
thz,6610
tia,6611
tic,6612
tid,6613
tie,6614
tif,6615
tig,6616
tih,6617
tii,6618
tij,6619
tik,6620
til,6621
tim,6622
tin,6623
tio,6624
tip,6625
tiq,6626
tis,6627
tit,6628
tiu,6629
tiv,6630
tiw,6631
tix,6632
tiy,6633
tiz,6634
tja,6635
tjg,6636
tji,6637
tjj,6638
tjl,6639
tjm,6640
tjn,6641
tjo,6642
tjp,6643
tjs,6644
tju,6645
tjw,6646
tka,6647
tkb,6648
tkd,6649
tke,6650
tkf,6651
tkg,6652
tkk,6653
tkl,6654
tkm,6655
tkn,6656
tkp,6657
tkq,6658
tkr,6659
tks,6660
tkt,6661
tku,6662
tkv,6663
tkw,6664
tkx,6665
tkz,6666
tla,6667
tlb,6668
tlc,6669
tld,6670
tlf,6671
tlg,6672
tlh,6673
tli,6674
tlj,6675
tlk,6676
tll,6677
tlm,6678
tln,6679
tlo,6680
tlp,6681
tlq,6682
tlr,6683
tls,6684
tlt,6685
tlu,6686
tlv,6687
tlw,6688
tlx,6689
tly,6690
tma,6691
tmb,6692
tmc,6693
tmd,6694
tme,6695
tmf,6696
tmg,6697
tmh,6698
tmi,6699
tmj,6700
tmk,6701
tml,6702
tmm,6703
tmn,6704
tmo,6705
tmp,6706
tmq,6707
tmr,6708
tms,6709
tmt,6710
tmu,6711
tmv,6712
tmw,6713
tmy,6714
tmz,6715
tna,6716
tnb,6717
tnc,6718
tnd,6719
tne,6720
tnf,6721
tng,6722
tnh,6723
tni,6724
tnk,6725
tnl,6726
tnm,6727
tnn,6728
tno,6729
tnp,6730
tnq,6731
tnr,6732
tns,6733
tnt,6734
tnu,6735
tnv,6736
tnw,6737
tnx,6738
tny,6739
tnz,6740
tob,6741
toc,6742
tod,6743
toe,6744
tof,6745
tog,6746
toh,6747
toi,6748
toj,6749
tol,6750
tom,6751
too,6752
top,6753
toq,6754
tor,6755
tos,6756
tou,6757
tov,6758
tow,6759
tox,6760
toy,6761
toz,6762
tpa,6763
tpc,6764
tpe,6765
tpf,6766
tpg,6767
tpi,6768
tpj,6769
tpk,6770
tpl,6771
tpm,6772
tpn,6773
tpo,6774
tpp,6775
tpq,6776
tpr,6777
tpt,6778
tpu,6779
tpv,6780
tpw,6781
tpx,6782
tpy,6783
tpz,6784
tqb,6785
tql,6786
tqm,6787
tqn,6788
tqo,6789
tqp,6790
tqq,6791
tqr,6792
tqt,6793
tqu,6794
tqw,6795
tra,6796
trb,6797
trc,6798
trd,6799
tre,6800
trf,6801
trg,6802
trh,6803
tri,6804
trj,6805
trk,6806
trl,6807
trm,6808
trn,6809
tro,6810
trp,6811
trq,6812
trr,6813
trs,6814
trt,6815
tru,6816
trv,6817
trw,6818
trx,6819
try,6820
trz,6821
tsa,6822
tsb,6823
tsc,6824
tsd,6825
tse,6826
tsf,6827
tsg,6828
tsh,6829
tsi,6830
tsj,6831
tsk,6832
tsl,6833
tsm,6834
tsp,6835
tsq,6836
tsr,6837
tss,6838
tst,6839
tsu,6840
tsv,6841
tsw,6842
tsx,6843
tsy,6844
tsz,6845
tta,6846
ttb,6847
ttc,6848
ttd,6849
tte,6850
ttf,6851
ttg,6852
tth,6853
tti,6854
ttj,6855
ttk,6856
ttl,6857
ttm,6858
ttn,6859
tto,6860
ttp,6861
ttq,6862
ttr,6863
tts,6864
ttt,6865
ttu,6866
ttv,6867
ttw,6868
tty,6869
ttz,6870
tua,6871
tub,6872
tuc,6873
tud,6874
tue,6875
tuf,6876
tug,6877
tuh,6878
tui,6879
tuj,6880
tul,6881
tum,6882
tun,6883
tuo,6884
tup,6885
tuq,6886
tus,6887
tut,6888
tuu,6889
tuv,6890
tuw,6891
tux,6892
tuy,6893
tuz,6894
tva,6895
tvd,6896
tve,6897
tvk,6898
tvl,6899
tvm,6900
tvn,6901
tvo,6902
tvs,6903
tvt,6904
tvu,6905
tvw,6906
tvx,6907
tvy,6908
twa,6909
twb,6910
twc,6911
twd,6912
twe,6913
twf,6914
twg,6915
twh,6916
twl,6917
twm,6918
twn,6919
two,6920
twp,6921
twq,6922
twr,6923
twt,6924
twu,6925
tww,6926
twx,6927
twy,6928
txa,6929
txb,6930
txc,6931
txe,6932
txg,6933
txh,6934
txi,6935
txj,6936
txm,6937
txn,6938
txo,6939
txq,6940
txr,6941
txs,6942
txt,6943
txu,6944
txx,6945
txy,6946
tya,6947
tye,6948
tyh,6949
tyi,6950
tyj,6951
tyl,6952
tyn,6953
typ,6954
tyr,6955
tys,6956
tyt,6957
tyu,6958
tyv,6959
tyx,6960
tyz,6961
tza,6962
tzh,6963
tzj,6964
tzl,6965
tzm,6966
tzn,6967
tzo,6968
tzx,6969
uam,6970
uan,6971
uar,6972
uba,6973
ubi,6974
ubl,6975
ubr,6976
ubu,6977
uby,6978
uda,6979
ude,6980
udg,6981
udi,6982
udj,6983
udl,6984
udm,6985
udu,6986
ues,6987
ufi,6988
uga,6989
ugb,6990
uge,6991
ugn,6992
ugo,6993
ugy,6994
uha,6995
uhn,6996
uis,6997
uiv,6998
uji,6999
uka,7000
ukg,7001
ukh,7002
ukk,7003
ukl,7004
ukp,7005
ukq,7006
uks,7007
uku,7008
ukw,7009
uky,7010
ula,7011
ulb,7012
ulc,7013
ule,7014
ulf,7015
uli,7016
ulk,7017
ull,7018
ulm,7019
uln,7020
ulu,7021
ulw,7022
uma,7023
umb,7024
umc,7025
umd,7026
umg,7027
umi,7028
umm,7029
umn,7030
umo,7031
ump,7032
umr,7033
ums,7034
umu,7035
una,7036
und,7037
une,7038
ung,7039
unk,7040
unm,7041
unn,7042
unp,7043
unr,7044
unu,7045
unx,7046
unz,7047
uok,7048
upi,7049
upv,7050
ura,7051
urb,7052
urc,7053
ure,7054
urf,7055
urg,7056
urh,7057
uri,7058
urj,7059
urk,7060
url,7061
urm,7062
urn,7063
uro,7064
urp,7065
urr,7066
urt,7067
uru,7068
urv,7069
urw,7070
urx,7071
ury,7072
urz,7073
usa,7074
ush,7075
usi,7076
usk,7077
usp,7078
uss,7079
usu,7080
uta,7081
ute,7082
uth,7083
utp,7084
utr,7085
utu,7086
uum,7087
uun,7088
uur,7089
uuu,7090
uve,7091
uvh,7092
uvl,7093
uwa,7094
uya,7095
uzn,7096
uzs,7097
vaa,7098
vae,7099
vaf,7100
vag,7101
vah,7102
vai,7103
vaj,7104
val,7105
vam,7106
van,7107
vao,7108
vap,7109
var,7110
vas,7111
vau,7112
vav,7113
vay,7114
vbb,7115
vbk,7116
vec,7117
ved,7118
vel,7119
vem,7120
veo,7121
vep,7122
ver,7123
vgr,7124
vgt,7125
vic,7126
vid,7127
vif,7128
vig,7129
vil,7130
vin,7131
vis,7132
vit,7133
viv,7134
vka,7135
vki,7136
vkj,7137
vkk,7138
vkl,7139
vkm,7140
vko,7141
vkp,7142
vkt,7143
vku,7144
vlp,7145
vls,7146
vma,7147
vmb,7148
vmc,7149
vmd,7150
vme,7151
vmf,7152
vmg,7153
vmh,7154
vmi,7155
vmj,7156
vmk,7157
vml,7158
vmm,7159
vmp,7160
vmq,7161
vmr,7162
vms,7163
vmu,7164
vmv,7165
vmw,7166
vmx,7167
vmy,7168
vmz,7169
vnk,7170
vnm,7171
vnp,7172
vor,7173
vot,7174
vra,7175
vro,7176
vrs,7177
vrt,7178
vsi,7179
vsl,7180
vsv,7181
vto,7182
vum,7183
vun,7184
vut,7185
vwa,7186
waa,7187
wab,7188
wac,7189
wad,7190
wae,7191
waf,7192
wag,7193
wah,7194
wai,7195
waj,7196
wak,7197
wal,7198
wam,7199
wan,7200
wao,7201
wap,7202
waq,7203
war,7204
was,7205
wat,7206
wau,7207
wav,7208
waw,7209
wax,7210
way,7211
waz,7212
wba,7213
wbb,7214
wbe,7215
wbf,7216
wbh,7217
wbi,7218
wbj,7219
wbk,7220
wbl,7221
wbm,7222
wbp,7223
wbq,7224
wbr,7225
wbs,7226
wbt,7227
wbv,7228
wbw,7229
wca,7230
wci,7231
wdd,7232
wdg,7233
wdj,7234
wdk,7235
wdu,7236
wdy,7237
wea,7238
wec,7239
wed,7240
weg,7241
weh,7242
wei,7243
wem,7244
wen,7245
weo,7246
wep,7247
wer,7248
wes,7249
wet,7250
weu,7251
wew,7252
wfg,7253
wga,7254
wgb,7255
wgg,7256
wgi,7257
wgo,7258
wgu,7259
wgw,7260
wgy,7261
wha,7262
whg,7263
whk,7264
whu,7265
wib,7266
wic,7267
wie,7268
wif,7269
wig,7270
wih,7271
wii,7272
wij,7273
wik,7274
wil,7275
wim,7276
win,7277
wir,7278
wit,7279
wiu,7280
wiv,7281
wiw,7282
wiy,7283
wja,7284
wji,7285
wka,7286
wkb,7287
wkd,7288
wkl,7289
wkr,7290
wku,7291
wkw,7292
wky,7293
wla,7294
wlc,7295
wle,7296
wlg,7297
wli,7298
wlk,7299
wll,7300
wlm,7301
wlo,7302
wlr,7303
wls,7304
wlu,7305
wlv,7306
wlw,7307
wlx,7308
wly,7309
wma,7310
wmb,7311
wmc,7312
wmd,7313
wme,7314
wmh,7315
wmi,7316
wmm,7317
wmn,7318
wmo,7319
wms,7320
wmt,7321
wmw,7322
wmx,7323
wnb,7324
wnc,7325
wnd,7326
wne,7327
wng,7328
wni,7329
wnk,7330
wnm,7331
wnn,7332
wno,7333
wnp,7334
wnu,7335
wnw,7336
wny,7337
woa,7338
wob,7339
woc,7340
wod,7341
woe,7342
wof,7343
wog,7344
woi,7345
wok,7346
wom,7347
won,7348
woo,7349
wor,7350
wos,7351
wow,7352
woy,7353
wpc,7354
wra,7355
wrb,7356
wrd,7357
wrg,7358
wrh,7359
wri,7360
wrk,7361
wrl,7362
wrm,7363
wrn,7364
wro,7365
wrp,7366
wrr,7367
wrs,7368
wru,7369
wrv,7370
wrw,7371
wrx,7372
wry,7373
wrz,7374
wsa,7375
wsg,7376
wsi,7377
wsk,7378
wsr,7379
wss,7380
wsu,7381
wsv,7382
wtf,7383
wth,7384
wti,7385
wtk,7386
wtm,7387
wtw,7388
wua,7389
wub,7390
wud,7391
wuh,7392
wul,7393
wum,7394
wun,7395
wur,7396
wut,7397
wuu,7398
wuv,7399
wux,7400
wuy,7401
wwa,7402
wwb,7403
wwo,7404
wwr,7405
www,7406
wxa,7407
wxw,7408
wya,7409
wyb,7410
wyi,7411
wym,7412
wyr,7413
wyy,7414
xaa,7415
xab,7416
xac,7417
xad,7418
xae,7419
xag,7420
xai,7421
xaj,7422
xak,7423
xal,7424
xam,7425
xan,7426
xao,7427
xap,7428
xaq,7429
xar,7430
xas,7431
xat,7432
xau,7433
xav,7434
xaw,7435
xay,7436
xba,7437
xbb,7438
xbc,7439
xbd,7440
xbe,7441
xbg,7442
xbi,7443
xbj,7444
xbm,7445
xbn,7446
xbo,7447
xbp,7448
xbr,7449
xbw,7450
xbx,7451
xby,7452
xcb,7453
xcc,7454
xce,7455
xcg,7456
xch,7457
xcl,7458
xcm,7459
xcn,7460
xco,7461
xcr,7462
xct,7463
xcu,7464
xcv,7465
xcw,7466
xcy,7467
xda,7468
xdc,7469
xdk,7470
xdm,7471
xdo,7472
xdy,7473
xeb,7474
xed,7475
xeg,7476
xel,7477
xem,7478
xep,7479
xer,7480
xes,7481
xet,7482
xeu,7483
xfa,7484
xga,7485
xgb,7486
xgd,7487
xgf,7488
xgg,7489
xgi,7490
xgl,7491
xgm,7492
xgn,7493
xgr,7494
xgu,7495
xgw,7496
xha,7497
xhc,7498
xhd,7499
xhe,7500
xhr,7501
xht,7502
xhu,7503
xhv,7504
xia,7505
xib,7506
xii,7507
xil,7508
xin,7509
xip,7510
xir,7511
xis,7512
xiv,7513
xiy,7514
xjb,7515
xjt,7516
xka,7517
xkb,7518
xkc,7519
xkd,7520
xke,7521
xkf,7522
xkg,7523
xkh,7524
xki,7525
xkj,7526
xkk,7527
xkl,7528
xkn,7529
xko,7530
xkp,7531
xkq,7532
xkr,7533
xks,7534
xkt,7535
xku,7536
xkv,7537
xkw,7538
xkx,7539
xky,7540
xkz,7541
xla,7542
xlb,7543
xlc,7544
xld,7545
xle,7546
xlg,7547
xli,7548
xln,7549
xlo,7550
xlp,7551
xls,7552
xlu,7553
xly,7554
xma,7555
xmb,7556
xmc,7557
xmd,7558
xme,7559
xmf,7560
xmg,7561
xmh,7562
xmj,7563
xmk,7564
xml,7565
xmm,7566
xmn,7567
xmo,7568
xmp,7569
xmq,7570
xmr,7571
xms,7572
xmt,7573
xmu,7574
xmv,7575
xmw,7576
xmx,7577
xmy,7578
xmz,7579
xna,7580
xnb,7581
xnd,7582
xng,7583
xnh,7584
xni,7585
xnk,7586
xnn,7587
xno,7588
xnr,7589
xns,7590
xnt,7591
xnu,7592
xny,7593
xnz,7594
xoc,7595
xod,7596
xog,7597
xoi,7598
xok,7599
xom,7600
xon,7601
xoo,7602
xop,7603
xor,7604
xow,7605
xpa,7606
xpc,7607
xpe,7608
xpg,7609
xpi,7610
xpj,7611
xpk,7612
xpm,7613
xpn,7614
xpo,7615
xpp,7616
xpq,7617
xpr,7618
xps,7619
xpt,7620
xpu,7621
xpy,7622
xqa,7623
xqt,7624
xra,7625
xrb,7626
xrd,7627
xre,7628
xrg,7629
xri,7630
xrm,7631
xrn,7632
xrq,7633
xrr,7634
xrt,7635
xru,7636
xrw,7637
xsa,7638
xsb,7639
xsc,7640
xsd,7641
xse,7642
xsh,7643
xsi,7644
xsj,7645
xsl,7646
xsm,7647
xsn,7648
xso,7649
xsp,7650
xsq,7651
xsr,7652
xss,7653
xsu,7654
xsv,7655
xsy,7656
xta,7657
xtb,7658
xtc,7659
xtd,7660
xte,7661
xtg,7662
xth,7663
xti,7664
xtj,7665
xtl,7666
xtm,7667
xtn,7668
xto,7669
xtp,7670
xtq,7671
xtr,7672
xts,7673
xtt,7674
xtu,7675
xtv,7676
xtw,7677
xty,7678
xtz,7679
xua,7680
xub,7681
xud,7682
xug,7683
xuj,7684
xul,7685
xum,7686
xun,7687
xuo,7688
xup,7689
xur,7690
xut,7691
xuu,7692
xve,7693
xvi,7694
xvn,7695
xvo,7696
xvs,7697
xwa,7698
xwc,7699
xwd,7700
xwe,7701
xwg,7702
xwj,7703
xwk,7704
xwl,7705
xwo,7706
xwr,7707
xwt,7708
xww,7709
xxb,7710
xxk,7711
xxm,7712
xxr,7713
xxt,7714
xya,7715
xyb,7716
xyj,7717
xyk,7718
xyl,7719
xyt,7720
xyy,7721
xzh,7722
xzm,7723
xzp,7724
yaa,7725
yab,7726
yac,7727
yad,7728
yae,7729
yaf,7730
yag,7731
yah,7732
yai,7733
yaj,7734
yak,7735
yal,7736
yam,7737
yan,7738
yao,7739
yap,7740
yaq,7741
yar,7742
yas,7743
yat,7744
yau,7745
yav,7746
yaw,7747
yax,7748
yay,7749
yaz,7750
yba,7751
ybb,7752
ybd,7753
ybe,7754
ybh,7755
ybi,7756
ybj,7757
ybk,7758
ybl,7759
ybm,7760
ybn,7761
ybo,7762
ybx,7763
yby,7764
ych,7765
ycl,7766
ycn,7767
ycp,7768
yda,7769
ydd,7770
yde,7771
ydg,7772
ydk,7773
yds,7774
yea,7775
yec,7776
yee,7777
yei,7778
yej,7779
yel,7780
yen,7781
yer,7782
yes,7783
yet,7784
yeu,7785
yev,7786
yey,7787
yga,7788
ygi,7789
ygl,7790
ygm,7791
ygp,7792
ygr,7793
ygs,7794
ygu,7795
ygw,7796
yha,7797
yhd,7798
yhl,7799
yhs,7800
yia,7801
yif,7802
yig,7803
yih,7804
yii,7805
yij,7806
yik,7807
yil,7808
yim,7809
yin,7810
yip,7811
yiq,7812
yir,7813
yis,7814
yit,7815
yiu,7816
yiv,7817
yix,7818
yiy,7819
yiz,7820
yka,7821
ykg,7822
yki,7823
ykk,7824
ykl,7825
ykm,7826
ykn,7827
yko,7828
ykr,7829
ykt,7830
yku,7831
yky,7832
yla,7833
ylb,7834
yle,7835
ylg,7836
yli,7837
yll,7838
ylm,7839
yln,7840
ylo,7841
ylr,7842
ylu,7843
yly,7844
yma,7845
ymb,7846
ymc,7847
ymd,7848
yme,7849
ymg,7850
ymh,7851
ymi,7852
ymk,7853
yml,7854
ymm,7855
ymn,7856
ymo,7857
ymp,7858
ymq,7859
ymr,7860
yms,7861
ymt,7862
ymx,7863
ymz,7864
yna,7865
ynd,7866
yne,7867
yng,7868
ynh,7869
ynk,7870
ynl,7871
ynn,7872
yno,7873
ynq,7874
yns,7875
ynu,7876
yob,7877
yog,7878
yoi,7879
yok,7880
yol,7881
yom,7882
yon,7883
yos,7884
yot,7885
yox,7886
yoy,7887
ypa,7888
ypb,7889
ypg,7890
yph,7891
ypk,7892
ypm,7893
ypn,7894
ypo,7895
ypp,7896
ypz,7897
yra,7898
yrb,7899
yre,7900
yri,7901
yrk,7902
yrl,7903
yrm,7904
yrn,7905
yro,7906
yrs,7907
yrw,7908
yry,7909
ysc,7910
ysd,7911
ysg,7912
ysl,7913
ysn,7914
yso,7915
ysp,7916
ysr,7917
yss,7918
ysy,7919
yta,7920
ytl,7921
ytp,7922
ytw,7923
yty,7924
yua,7925
yub,7926
yuc,7927
yud,7928
yue,7929
yuf,7930
yug,7931
yui,7932
yuj,7933
yuk,7934
yul,7935
yum,7936
yun,7937
yup,7938
yuq,7939
yur,7940
yut,7941
yuu,7942
yuw,7943
yux,7944
yuy,7945
yuz,7946
yva,7947
yvt,7948
ywa,7949
ywg,7950
ywl,7951
ywn,7952
ywq,7953
ywr,7954
ywt,7955
ywu,7956
yww,7957
yxa,7958
yxg,7959
yxl,7960
yxm,7961
yxu,7962
yxy,7963
yyr,7964
yyu,7965
yyz,7966
yzg,7967
yzk,7968
zaa,7969
zab,7970
zac,7971
zad,7972
zae,7973
zaf,7974
zag,7975
zah,7976
zai,7977
zaj,7978
zak,7979
zal,7980
zam,7981
zao,7982
zap,7983
zaq,7984
zar,7985
zas,7986
zat,7987
zau,7988
zav,7989
zaw,7990
zax,7991
zay,7992
zaz,7993
zbc,7994
zbe,7995
zbl,7996
zbt,7997
zbw,7998
zca,7999
zch,8000
zdj,8001
zea,8002
zeg,8003
zeh,8004
zen,8005
zga,8006
zgb,8007
zgh,8008
zgm,8009
zgn,8010
zgr,8011
zhb,8012
zhd,8013
zhi,8014
zhn,8015
zhw,8016
zhx,8017
zia,8018
zib,8019
zik,8020
zil,8021
zim,8022
zin,8023
zir,8024
ziw,8025
ziz,8026
zka,8027
zkb,8028
zkd,8029
zkg,8030
zkh,8031
zkk,8032
zkn,8033
zko,8034
zkp,8035
zkr,8036
zkt,8037
zku,8038
zkv,8039
zkz,8040
zle,8041
zlj,8042
zlm,8043
zln,8044
zlq,8045
zls,8046
zlw,8047
zma,8048
zmb,8049
zmc,8050
zmd,8051
zme,8052
zmf,8053
zmg,8054
zmh,8055
zmi,8056
zmj,8057
zmk,8058
zml,8059
zmm,8060
zmn,8061
zmo,8062
zmp,8063
zmq,8064
zmr,8065
zms,8066
zmt,8067
zmu,8068
zmv,8069
zmw,8070
zmx,8071
zmy,8072
zmz,8073
zna,8074
znd,8075
zne,8076
zng,8077
znk,8078
zns,8079
zoc,8080
zoh,8081
zom,8082
zoo,8083
zoq,8084
zor,8085
zos,8086
zpa,8087
zpb,8088
zpc,8089
zpd,8090
zpe,8091
zpf,8092
zpg,8093
zph,8094
zpi,8095
zpj,8096
zpk,8097
zpl,8098
zpm,8099
zpn,8100
zpo,8101
zpp,8102
zpq,8103
zpr,8104
zps,8105
zpt,8106
zpu,8107
zpv,8108
zpw,8109
zpx,8110
zpy,8111
zpz,8112
zqe,8113
zra,8114
zrg,8115
zrn,8116
zro,8117
zrp,8118
zrs,8119
zsa,8120
zsk,8121
zsl,8122
zsm,8123
zsr,8124
zsu,8125
zte,8126
ztg,8127
ztl,8128
ztm,8129
ztn,8130
ztp,8131
ztq,8132
zts,8133
ztt,8134
ztu,8135
ztx,8136
zty,8137
zua,8138
zuh,8139
zum,8140
zun,8141
zuy,8142
zwa,8143
zxx,8144
zyb,8145
zyg,8146
zyj,8147
zyn,8148
zyp,8149
zza,8150
zzj,8151
aqk,8152
bpe,8153
ckm,8154
cnp,8155
csp,8156
csx,8157
cty,8158
dkg,8159
dmf,8160
dwk,8161
ebc,8162
ehs,8163
emq,8164
emz,8165
fif,8166
gef,8167
gii,8168
glb,8169
gmr,8170
gyz,8171
hkh,8172
hng,8173
jbm,8174
jks,8175
lsb,8176
lxm,8177
nqt,8178
nsb,8179
ocm,8180
okc,8181
okz,8182
omy,8183
osn,8184
rwl,8185
sdq,8186
sqx,8187
suo,8188
tyy,8189
uki,8190
ukv,8191
uni,8192
vkn,8193
vkz,8194
wlh,8195
wmg,8196
xnj,8197
xnm,8198
xnq,8199
xpb,8200
xpd,8201
xpf,8202
xph,8203
xpl,8204
xpv,8205
xpw,8206
xpx,8207
xpz,8208
ysm,8209
zba,8210
zbu,8211
zla,8212
ajs,8213
bpc,8214
cnq,8215
dsz,8216
egm,8217
gov,8218
imt,8219
lgo,8220
lqr,8221
lsc,8222
lsw,8223
nww,8224
oie,8225
phj,8226
pzh,8227
rib,8228
rnb,8229
rsk,8230
rsn,8231
tok,8232
ugh,8233
uon,8234
wdt,8235
wyn,8236
xdq,8237
xhm,8238
zcd,8239
cxh,8240
dsk,8241
dyr,8242
eud,8243
ikh,8244
izm,8245
lgs,8246
lvl,8247
nzr,8248
pze,8249
rsw,8250
tvi,8251
uly,8252
vjk,8253
wtb,8254
ycr,8255
ykh,8256
zem,8257
zlu,8258
